Case Number;Earthquake;Site;Liquefied?;Data Class;Critical Depth Upper Bound (ft);Critical Depth Lower Bound (ft);Critical Depth (ft);Critical Depth (m);s critical depth (ft);Water Depth (ft);s water table (ft);g1(pcf);sg1 (pcf);g2 (pcf);sg2 (pcf);sv (psf);s sv (psf);sv' (psf) ;s sv' (psf);rss';rd;s rd;a max (g);s a max;Magnitude for KMw;s MSF;CSRs'v,Mw;s CSR;CSRs'v=100kPa,Mw=7.5;s CSRN;D50 (mm) ;s D50;FC %;s FC %;Sampler (SS:standard sampler or SWL: sampler without liners);CS;Rod length;CR;Borehole diameter (mm);CB;"Energy Ratio (SH: Safety Hammer; DH:Donut Hammer or the percentage)";CE;Number of N values;N (mean);s N ;CN ;SPT Correction (Energy+Rod length) ;(N1) 60;s (N1)60 ;Reference;V*s,40ft (fps);;K?;KMw;CSRMw=7.5,s'v=100kPA;N1,60,CS;;;;;;;
1;1944 Tohnankai M=8.0;Ienaga;Yes;B;20.0;8.0;14.0;4.3;2.0;8.0;0.4;100;3;110;3;1460;222.063617;1085.6;101.4859379;0.9664309;0.874484168;0.07;0.20;0.06;8.10;0.17;0.15;0.05;0.19;0.07;0.15;0.05;72.50;36.92;NA;1;Short Rod;0.90;99.00;1;0.70;1.17;4;1.50;0.55;1.396193108;1.46;2.2;0.8;Kishida (1969);470;;1.25;0.84;0.15;5.4;;;;;;;
2;1944 Tohnankai M=8.0;Komei;Yes;B;16.4;6.4;11.4;3.5;1.7;6.4;0.4;100;3;115;3;1214.784777;193.3627326;904.5535958;92.52967449;0.968288076;0.969044415;0.06;0.20;0.06;8.10;0.17;0.17;0.05;0.21;0.08;0.40;0.05;9.67;1.53;NA;1;Short Rod;0.87;99.00;1;0.70;1.17;3;5.75;1.75;1.529548509;1.55;8.9;2.7;Kishida (1969);600;;1.33;0.84;0.15;9.9;;;;;;;
3;1944 Tohnankai M=8.0;Meiko;Yes;B;11.5;1.6;6.5;2.0;1.6;1.6;0.3;100;3;110;3;703.1574803;181.8741666;397.3319685;81.45434084;0.97196809;0.922049089;0.04;0.20;0.06;8.10;0.17;0.21;0.07;0.26;0.10;0.20;0.05;19.33;10.79;NA;1;Short Rod;0.80;99.00;1;0.70;1.17;3;1.95;0.86;2;1.86;3.6;1.6;Kishida (1969);400;;1.75;0.84;0.14;5.5;;;;;;;
4;1948 Fukui M=7.3;Shonenji Temple;Yes;B;13.0;3.9;8.5;2.6;1.5;3.9;0.3;100;3;115;3;912.6948819;175.3973425;631.0841732;83.00198254;0.973545537;0.974356274;0.04;0.40;0.12;7.00;0.10;0.37;0.11;0.31;0.10;0.40;0.05;0.00;2.00;NA;1;Short Rod;0.83;99.00;1;0.70;1.17;3;3.70;1.30;1.831204146;1.77;6.5;2.3;Kishida (1969);600;;1.50;1.17;0.21;7.0;;;;;;;
5;1948 Fukui M=7.3;Takaya 45;Yes;B;40.0;12.3;26.2;8.0;4.6;12.3;0.3;110;3;125;3;3084.25;579.770158;2220.01;294.6407093;0.994023897;0.854495987;0.12;0.35;0.11;7.00;0.10;0.27;0.09;0.23;0.08;0.50;0.05;3.29;1.25;NA;1;Short Rod;1.00;99.00;1;0.78;1.30;7;16.20;2.68;0.97634418;1.27;20.6;3.4;Kishida (1969);620;;0.98;1.17;0.23;21.2;;;;;;;
6;1964 Niigata M=7.5;Arayamotomachi;Yes;A;18.0;3.3;10.7;3.3;2.5;3.3;0.3;100;3;115;3;1177.001312;284.0439371;716.3713911;132.4440069;0.987460808;0.940558935;0.05;0.09;0.01;7.60;0.14;0.09;0.02;0.09;0.02;0.15;0.05;5.00;2.00;NA;1;Short Rod;0.86;99.00;1;0.73;1.22;5;4.40;2.68;1.718744377;1.79;7.9;4.8;Yasuda and Tohno (1988);520;;1.44;0.97;0.06;8.4;;;;;;;
7;1964 Niigata M=7.5;Cc17-1;Yes;B;36.1;16.4;26.2;8.0;3.3;3.0;0.3;100;3;120;3;3089.606299;399.9762488;1639.011024;202.0360349;0.980929287;0.801694128;0.12;0.16;0.02;7.60;0.14;0.16;0.03;0.16;0.04;0.20;0.05;2.00;2.00;NA;1;Short Rod;1.00;99.00;1;0.66;1.09;7;8.75;2.34;1.136290747;1.24;10.9;2.9;Kishida (1966);550;;1.09;0.97;0.15;11.4;;;;;;;
8;1964 Niigata M=7.5;Cc17-2;Yes;A;23.0;11.5;17.2;5.3;1.9;3.0;0.3;100;3;120;3;2006.929134;233.8400425;1119.325984;119.2301435;0.973516521;0.900104485;0.08;0.16;0.02;7.60;0.14;0.17;0.03;0.17;0.04;0.20;0.05;2.00;2.00;NA;1;Short Rod;0.93;99.00;1;0.66;1.09;5;7.95;1.36;1.374998152;1.39;11.1;1.9;Kishida (1966);550;;1.24;0.97;0.14;11.6;;;;;;;
11;1964 Niigata M=7.5;Rail Road-1;Yes;A;32.8;16.4;24.6;7.5;2.7;3.0;0.3;110;3;125;3;3030.787402;347.9923023;1682.554331;183.7857043;0.980515941;0.853750524;0.11;0.16;0.02;7.60;0.14;0.16;0.03;0.17;0.04;0.20;0.05;2.00;2.00;NA;1;Short Rod;0.99;99.00;1;0.66;1.09;6;9.35;1.07;1.121491171;1.21;11.3;1.3;Koizumi (1964);580;;1.08;0.97;0.15;11.9;;;;;;;
13;1964 Niigata M=7.5;River Site;Yes;A;19.7;6.6;13.1;4.0;2.2;2.0;0.3;100;3;110;3;1423.884514;243.0013797;727.8215223;110.6398497;0.972876659;0.929639714;0.06;0.16;0.02;7.60;0.14;0.19;0.03;0.20;0.04;0.40;0.05;0.00;2.00;NA;1;Short Rod;0.89;99.00;1;0.66;1.09;5;4.00;1.15;1.705171088;1.65;6.6;1.9;Ishihara et. al. (1979);540;;1.43;0.97;0.14;7.1;;;;;;;
15;1964 Niigata M=7.5;Showa Br 2;Yes;A;20.0;4.5;12.3;3.7;2.6;0.0;0.3;120;3;120;3;1470;312.1707265;705.6;154.4099767;0.984985935;0.89794856;0.06;0.16;0.02;7.60;0.14;0.19;0.03;0.20;0.04;0.40;0.05;10.00;2.00;NA;1;Short Rod;0.88;99.00;1;0.66;1.09;4;4.10;0.18;1.731813502;1.66;6.8;0.3;Ishihara et. al. (1979);480;;1.45;0.97;0.14;7.8;;;;;;;
19;1968 Tokachioki M=7.9;Hachinohe-6;Yes;B;20.0;6.6;13.3;4.1;2.2;2.0;0.3;110;3;125;3;1632.5;281.3174146;927.38;144.6835251;0.986452406;0.987868569;0.06;0.23;0.07;8.30;0.19;0.25;0.08;0.33;0.13;0.25;0.05;5.00;2.00;NA;1;Short Rod;0.89;99.00;1;0.65;1.09;5;4.65;0.48;1.51060718;1.46;6.8;0.7;Ohsaki (1970);710;;1.32;0.79;0.24;7.3;;;;;;;
20;1968 Tokachioki M=7.9;Nanaehama1-2-3;Yes;B;16.4;3.0;9.7;3.0;2.2;2.5;0.6;110;3;120;3;1139.207935;269.1162888;690.0716802;133.9986158;0.966495343;0.965612795;0.05;0.20;0.06;8.30;0.19;0.21;0.06;0.27;0.11;0.12;0.03;21.67;4.83;NA;1;Short Rod;0.84;99.00;1;0.70;1.17;4;5.55;0.87;1.751190146;1.73;9.6;1.5;Kishida (1970);560;;1.46;0.79;0.18;11.8;;;;;;;
21;1968 Tokachi-Oki M=7.9;Aomori Station;Yes;A;24.6;13.1;18.9;5.8;1.9;0.0;0.4;100;3;120;3;2263.779528;236.6328319;1086.614173;124.8005849;0.962205553;0.866418323;0.09;0.21;0.01;8.30;0.19;0.25;0.03;0.32;0.09;0.25;0.05;3.00;2.00;NA;1;Short Rod;0.94;99.00;1;0.73;1.22;3;9.00;0.87;1.395541399;1.60;14.4;1.4;Yasuda and Tohno (1988);520;;1.25;0.79;0.25;15.0;;;;;;;
22;1971 San Fernando Mw=6.6;Juvenile Hall;Yes;A;20.7;14.4;17.6;5.4;1.0;14.0;0.2;110;3;120;3;1966.299213;131.9959035;1744.623622;74.29999091;0.95097313;0.858961672;0.08;0.45;0.07;6.60;0.29;0.28;0.05;0.20;0.06;0.05;0.01;65.25;7.97;NA;1;Short Rod;0.90;99.00;1;0.68;1.13;5;3.30;0.89;1.101360592;1.13;3.7;1.0;Bennett (1989);540;;1.07;1.35;0.20;7.0;;;;;;;
23;1971 San Fernando Mw=6.6;Van Norman;Yes;A;24.0;17.0;20.5;6.2;1.2;16.3;0.9;110;3;120;3;2296.942257;149.0993234;2035.222572;96.15951604;0.805121042;0.899995062;0.09;0.45;0.07;6.60;0.29;0.30;0.06;0.21;0.06;0.07;0.03;59.30;14.21;NA;1;Short Rod;0.93;99.00;1;0.68;1.13;10;7.35;2.51;1.019704773;1.08;7.9;2.7;Bennett (1989);620;;1.01;1.35;0.22;11.5;;;;;;;
24;1975 Haicheng Ms=7.3;Panjin Ch. F. P.;Yes;B;41.0;11.5;26.2;8.0;4.9;5.0;0.3;110;3;120;3;3099.737533;594.178926;1773.12336;291.2308694;0.992001931;0.856820798;0.12;0.13;0.04;7.00;0.10;0.13;0.04;0.11;0.04;0.06;0.05;67.00;2.00;NA;1;Short Rod;1.00;99.00;1;0.50;0.83;7;8.10;1.21;1.092473551;0.91;7.4;1.1;Shengcong et al. (1983);610;;1.06;1.17;0.10;10.9;;;;;;;
25;1975 Haicheng Ms=7.3;Ying Kou G. F. P.;Yes;B;29.5;16.4;23.0;7.0;2.2;5.0;0.2;110;3;120;3;2706.036745;268.3766904;1584.146982;138.2565854;0.975042323;0.885198242;0.10;0.20;0.06;7.00;0.10;0.20;0.06;0.16;0.05;0.08;0.05;48.00;2.00;NA;1;Short Rod;0.98;99.00;1;0.60;1.00;3;12.40;0.97;1.155799947;1.13;14.0;1.1;Shengcong et al. (1983);610;;1.10;1.17;0.15;17.9;;;;;;;
26;1975 Haicheng Ms=7.3;Ying Kou P. P.;Yes;B;34.4;14.8;24.6;7.5;3.3;5.0;0.2;110;3;120;3;2902.887139;398.3621796;1678.635171;198.7712704;0.985910458;0.814161161;0.11;0.20;0.06;7.00;0.10;0.18;0.06;0.15;0.05;0.10;0.05;20.00;2.00;NA;1;Short Rod;0.99;99.00;1;0.60;1.00;6;10.30;3.24;1.122799597;1.11;11.4;3.6;Shengcong et al. (1983);560;;1.08;1.17;0.14;13.6;;;;;;;
27;1976 Guatemala M=7.5;Amatitlan B-1;Yes;C;50.0;10.0;30.0;9.1;6.7;5.0;0.3;60;1;90;1;2550;600.6088577;990;186.0120383;0.993215587;0.572250906;0.12;0.14;0.04;7.50;0.13;0.13;0.05;0.13;0.05;0.80;0.05;3.00;2.00;NA;1;Short Rod;1.00;99.00;1;0.45;0.75;8;4.30;1.37;1.462051969;1.10;4.7;1.5;Seed, et al.(1979);400;;1.29;1.00;0.10;5.2;;;;;;;
30;1976 Tangshan Ms=7.8;Coastal Region;Yes;B;19.7;9.8;14.8;4.5;1.6;3.6;0.4;110;3;120;3;1735.564304;200.0079342;1039.501312;102.9778407;0.959066032;0.945732301;0.06;0.13;0.04;7.60;0.14;0.13;0.04;0.14;0.05;0.14;0.05;12.00;2.00;NA;1;Short Rod;0.90;99.00;1;0.60;1.00;4;9.45;2.25;1.426815722;1.29;12.2;2.9;Shengcong et al. (1983);590;;1.27;0.97;0.11;13.5;;;;;;;
31;1976 Tangshan Ms=7.8;Le Ting L8-14;Yes;B;19.7;11.5;15.6;4.8;1.4;3.3;0.6;110;3;120;3;1837.31721;168.5278394;1069.308211;92.39153286;0.912583031;0.979107369;0.07;0.20;0.06;7.60;0.14;0.22;0.07;0.23;0.08;0.19;0.04;12.00;2.00;NA;1;Short Rod;0.91;99.00;1;0.60;1.00;6;9.85;2.02;1.406788976;1.28;12.7;2.6;Shengcong et al. (1983);700;;1.26;0.97;0.18;14.0;;;;;;;
33;1976 Tangshan Ms=7.8;Luan Nan-L2;Yes;B;18.0;4.9;11.5;3.5;2.2;3.6;0.3;110;3;125;3;1381.233596;274.6722556;889.8950131;140.0879021;0.988758808;0.976776183;0.05;0.22;0.07;7.60;0.14;0.22;0.07;0.22;0.08;0.17;0.05;3.00;2.00;NA;1;Short Rod;0.87;99.00;1;0.60;1.00;4;5.90;0.60;1.542094615;1.34;7.9;0.8;Shengcong et al. (1983);640;;1.34;0.97;0.17;8.4;;;;;;;
34;1976 Tangshan Ms=7.8;Qing Jia Ying;Yes;B;21.3;14.8;18.0;5.5;1.1;3.0;0.4;110;3;125;3;2211.286089;144.4011512;1269.553806;84.70317326;0.929849638;0.972617267;0.08;0.35;0.11;7.60;0.14;0.39;0.12;0.40;0.14;0.14;0.05;20.00;2.00;NA;1;Short Rod;0.94;99.00;1;0.60;1.00;3;18.30;2.07;1.291085047;1.21;22.1;2.5;Shengcong et al. (1983);710;;1.19;0.97;0.33;24.6;;;;;;;
36;1976 Tangshan Ms=7.8;Yao Yuan Village;Yes;B;16.4;11.5;13.9;4.3;0.8;3.3;0.4;110;3;125;3;1693.733596;107.9782996;1028.379265;63.49544375;0.918484162;0.971276394;0.06;0.20;0.06;7.60;0.14;0.21;0.06;0.22;0.07;0.15;0.05;20.00;2.00;NA;1;Short Rod;0.90;99.00;1;0.60;1.00;2;8.65;3.81;1.434510566;1.29;11.1;4.9;Shengcong et al. (1983);650;;1.27;0.97;0.17;13.3;;;;;;;
37;1977 Argentina M=7.4;San Juan B-1;Yes;B;28.0;26.0;27.0;8.2;0.3;15.0;0.4;110;3;125;3;3150;71.36603612;2401.2;64.15527553;0.890395889;0.855870449;0.11;0.20;0.03;7.50;0.13;0.15;0.03;0.15;0.03;0.14;0.05;20.00;2.00;NA;1;Short Rod;0.98;99.00;1;0.45;0.75;1;9.00;2.88;0.938785212;0.69;6.2;2.0;Idriss, et al. (1979);610;;0.96;1.00;0.15;8.2;;;;;;;
38;1977 Argentina M=7.4;San Juan B-3;Yes;B;43.0;33.5;38.3;11.7;1.6;22.0;0.3;110;3;120;3;4370;206.9820342;3356;123.6815301;0.938028859;0.706455565;0.14;0.20;0.03;7.50;0.13;0.12;0.03;0.12;0.03;0.14;0.05;20.00;2.00;NA;1;No Short Rod;1.00;99.00;1;0.45;0.75;3;14.10;2.52;0.794089459;0.60;8.4;1.5;Idriss, et al. (1979);580;;0.86;1.00;0.14;10.4;;;;;;;
41;1977 Argentina M=7.4;San Juan B-6;Yes;B;18.0;12.0;15.0;4.6;1.0;6.0;0.3;110;3;120;3;1740;124.3462907;1178.4;67.95497333;0.937028156;0.959593143;0.06;0.20;0.03;7.50;0.13;0.18;0.03;0.18;0.04;0.10;0.05;50.00;2.00;NA;1;Short Rod;0.87;99.00;1;0.45;0.75;2;6.00;0.23;1.340090228;0.88;5.3;0.2;Idriss, et al. (1979);630;;1.22;1.00;0.15;8.7;;;;;;;
47;1978 Miyagiken-Oki M=6.7;Nakamura 4;Yes;B;16.4;9.8;13.1;4.0;1.1;1.6;0.3;110;3;120;3;1558.39895;135.8020493;841.8635171;73.66183719;0.942723105;0.981890844;0.06;0.12;0.04;6.50;0.33;0.14;0.04;0.10;0.04;0.70;0.05;5.00;2.00;NA;1;Short Rod;0.89;99.00;1;0.60;1.00;2;5.60;0.43;1.585475599;1.41;7.9;0.6;Iwasaki (1978);700;;1.36;1.39;0.07;8.4;;;;;;;
57;1978 Miyagiken-Oki M=7.4;Arahama;Yes;B;26.2;6.6;16.4;5.0;3.3;3.0;0.3;110;3;120;3;1938.503937;395.8628084;1102.08189;194.054742;0.990002308;0.944793707;0.07;0.20;0.06;7.70;0.15;0.22;0.07;0.23;0.08;0.45;0.05;0.00;2.00;NA;1;Short Rod;0.92;99.00;1;0.66;1.09;7;8.90;2.37;1.385713584;1.39;12.4;3.3;Tohno et al. (1981) & Fear et al. (1995);610;;1.25;0.94;0.18;12.9;;;;;;;
58;1978 Miyagiken-Oki M=7.4;Hiyori-18;Yes;B;13.1;8.2;10.7;3.3;0.8;8.0;0.3;110;3;120;3;1199.527559;101.6677458;1033.373228;55.84741737;0.923348065;0.979489915;0.05;0.24;0.07;7.70;0.15;0.18;0.05;0.19;0.07;0.15;0.05;20.00;2.00;NA;1;Short Rod;0.86;99.00;1;0.66;1.09;1;9.10;1.49;1.431040102;1.34;12.2;2.0;Tsuchida et al. (1979, 1980);640;;1.27;0.94;0.15;14.4;;;;;;;
59;1978 Miyagiken-Oki M=7.4;Ishinomaki-2;Yes;B;19.7;4.6;12.1;3.7;2.5;4.6;2.0;110;3;120;3;1410.761155;303.6394724;939.8950131;179.9163481;0.776052971;0.925988696;0.05;0.20;0.06;7.70;0.15;0.18;0.06;0.19;0.07;0.15;0.05;10.00;2.00;NA;1;Short Rod;0.88;99.00;1;0.66;1.09;5;4.00;0.35;1.500516359;1.43;5.7;0.5;Ishihara et al. (1980);520;;1.31;0.94;0.15;6.7;;;;;;;
61;1978 Miyagiken-Oki M=7.4;Kitawabuchi-2;Yes;B;13.1;9.8;11.5;3.5;0.5;9.8;0.3;100;3;120;3;1181.102362;72.37167753;1078.740157;45.27577637;0.880904732;0.888534806;0.05;0.28;0.08;7.70;0.15;0.18;0.05;0.19;0.07;0.53;0.05;5.00;2.00;NA;1;Short Rod;0.87;99.00;1;0.60;1.00;1;11.10;1.65;1.400625356;1.22;13.5;2.0;Iwasaki (1978);460;;1.25;0.94;0.15;14.0;;;;;;;
56;1978 Miyagiken-Oki M=7.4;Nakajima-18;Yes;B;20.0;8.0;14.0;4.3;2.0;8.0;0.3;110;3;125;3;1630;251.8337745;1255.6;129.527018;0.985184594;0.970979184;0.06;0.24;0.07;7.70;0.15;0.20;0.06;0.21;0.07;0.35;0.05;3.00;2.00;NA;1;Short Rod;0.90;99.00;1;0.66;1.09;3;9.60;3.94;1.298239306;1.27;12.2;5.0;Tsuchida et al. (1979, 1980);650;;1.19;0.94;0.18;12.7;;;;;;;
65;1978 Miyagiken-Oki M=7.4;Nakamura 4;Yes;B;16.4;9.8;13.1;4.0;1.1;1.6;0.3;110;3;120;3;1558.39895;135.8020493;841.8635171;73.66183719;0.942723105;0.983861771;0.06;0.32;0.10;7.70;0.15;0.38;0.12;0.41;0.14;0.70;0.05;5.00;2.00;NA;1;Short Rod;0.89;99.00;1;0.60;1.00;2;5.60;0.43;1.585475599;1.41;7.9;0.6;Iwasaki (1978);700;;1.36;0.94;0.30;8.4;;;;;;;
66;1978 Miyagiken-Oki M=7.4;Nakamura 5;Yes;B;13.1;9.0;11.1;3.4;0.7;4.3;0.3;110;3;120;3;1284.750656;85.96103324;860.6435696;48.92333746;0.902794688;0.97243552;0.05;0.32;0.10;7.70;0.15;0.30;0.09;0.32;0.11;0.28;0.05;4.00;2.00;NA;1;Short Rod;0.86;99.00;1;0.60;1.00;1;7.10;1.48;1.568081905;1.35;9.6;2.0;Iwasaki (1978);620;;1.35;0.94;0.24;10.1;;;;;;;
67;1978 Miyagiken-Oki M=7.4;Oiiri-1;Yes;B;25.0;14.0;19.5;5.9;1.8;14.0;0.3;110;3;120;3;2200;224.6002004;1856.8;115.9082758;0.968811459;0.850461893;0.08;0.24;0.07;7.70;0.15;0.16;0.05;0.17;0.06;0.34;0.05;5.00;2.00;NA;1;Short Rod;0.95;99.00;1;0.60;1.00;1;9.15;1.97;1.067573644;1.01;9.3;2.0;Iwasaki (1978);525;;1.04;0.94;0.16;9.8;;;;;;;
68;1978 Miyagiken-Oki M=7.4;Shiomi-6;Yes;B;19.7;9.8;14.8;4.5;1.6;8.0;0.3;110;3;120;3;1691.653543;199.366035;1269.593701;100.8110841;0.972251865;0.948636444;0.06;0.24;0.07;7.70;0.15;0.20;0.06;0.21;0.07;0.25;0.05;10.00;2.00;NA;1;Short Rod;0.90;99.00;1;0.66;1.09;2;7.30;1.73;1.291064762;1.27;9.3;2.2;Tsuchida et al. (1979, 1980);600;;1.19;0.94;0.18;10.3;;;;;;;
69;1978 Miyagiken-Oki M=7.4;Yuriage Br-1;Yes;B;13.1;9.8;11.5;3.5;0.6;5.6;0.3;100;3;115;3;1233.088583;67.90556491;866.6400787;40.36714686;0.859559814;0.971260105;0.05;0.24;0.07;7.70;0.15;0.22;0.07;0.23;0.08;0.40;0.05;10.00;2.00;NA;1;Short Rod;0.87;99.00;1;0.60;1.00;2;2.95;1.33;1.562647504;1.36;4.0;1.8;Iwasaki (1978);670;;1.35;0.94;0.17;5.0;;;;;;;
70;1978 Miyagiken-Oki M=7.4;Yuriage Br-2;Yes;B;10.0;6.0;8.0;2.4;0.7;4.3;0.3;100;3;125;3;893.3727034;85.3812589;660.3144357;46.44162398;0.928793387;0.996036661;0.04;0.24;0.07;7.70;0.15;0.21;0.06;0.22;0.08;1.60;0.05;7.00;2.00;NA;1;Short Rod;0.82;99.00;1;0.67;1.12;2;11.40;1.34;1.790214256;1.64;18.7;2.2;Iwasaki (1978);750;;1.48;0.94;0.15;19.5;;;;;;;
71;1978 Miyagiken-Oki M=7.4;Yuriage Br-3;Yes;B;13.1;6.6;9.8;3.0;1.1;0.9;0.3;110;3;120;3;1172.572178;134.0339719;611.6272966;70.34895382;0.949541841;0.985248401;0.05;0.24;0.07;7.70;0.15;0.29;0.09;0.32;0.11;1.20;0.05;12.00;2.00;NA;1;Short Rod;0.85;99.00;1;0.60;1.00;3;7.10;0.95;1.860102933;1.57;11.2;1.5;Iwasaki (1978);660;;1.52;0.94;0.21;12.5;;;;;;;
73;1978 Miyagiken-Oki M=7.4;Yuriagekami-1;Yes;B;18.0;5.9;12.0;3.7;2.0;6.0;0.3;100;3;110;3;1257.545932;224.0155207;882.9002625;100.8306204;0.975337095;0.977699414;0.05;0.24;0.07;7.70;0.15;0.22;0.07;0.23;0.08;0.04;0.05;60.00;2.00;NA;1;Short Rod;0.87;99.00;1;0.60;1.00;4;2.00;0.89;1.548191163;1.35;2.7;1.2;Iwasaki (1978);650;;1.34;0.94;0.17;6.0;;;;;;;
74;1978 Miyagiken-Oki M=7.4;Yuriagekami-2;Yes;B;18.0;6.6;12.3;3.8;1.9;2.8;0.3;100;3;120;3;1420.603675;231.6546433;826.9028871;114.8848789;0.981644522;0.96858745;0.05;0.24;0.07;7.70;0.15;0.26;0.08;0.28;0.10;0.40;0.05;0.00;2.00;NA;1;Short Rod;0.88;99.00;1;0.60;1.00;4;8.75;3.35;1.59975381;1.40;12.3;4.7;Iwasaki (1978);620;;1.37;0.94;0.20;12.8;;;;;;;
77;1979 Imperial Valley ML=6.6;Heber Road A2;Yes;A;15.1;6.0;10.6;3.2;1.5;5.9;0.3;100;3;110;3;1103.018373;167.5640189;812.3097113;76.92156121;0.961092484;0.78;0.02;0.47;0.07;6.53;0.32;0.32;0.05;0.23;0.06;0.12;0.01;20.86;5.01;NA;1;Short Rod;0.81;99.00;1;0.68;1.13;9;2.35;1.48;1.614059665;1.49;3.5;2.2;Youd and Bennett  (1983), Benett et. al. (1979);*;;1.38;1.38;0.17;5.5;;;;;;;
80;1979 Imperial Valley ML=6.6;McKim Ranch A;Yes;B;13.0;5.0;9.0;2.7;1.3;5.0;0.3;110;3;120;3;1030;161.1769214;780.4;80.71157538;0.969328307;0.940170054;0.04;0.51;0.15;6.53;0.32;0.41;0.13;0.29;0.11;0.11;0.00;19.75;3.50;NA;1;Short Rod;0.79;99.00;1;0.68;1.13;11;5.40;2.58;1.646727647;1.47;7.9;3.8;Bennett et al. (1984);525;;1.40;1.38;0.21;10.0;;;;;;;
81;1979 Imperial Valley ML=6.6;Radio Tower B1;Yes;B;18.0;9.8;13.9;4.3;1.4;6.6;0.4;100;3;115;3;1505.085302;160.0609478;1044.455381;79.52043299;0.95024344;0.97;0.03;0.18;0.03;6.53;0.32;0.16;0.03;0.11;0.03;0.07;0.04;43.50;28.99;NA;1;Short Rod;0.86;99.00;1;0.68;1.13;2;4.45;3.38;1.423427859;1.39;6.2;4.7;Bennett et al. (1984);*;;1.27;1.38;0.09;9.6;;;;;;;
83;1979 Imperial Valley ML=6.6;River Park A;Yes;B;5.9;1.0;3.5;1.1;0.8;1.0;0.3;100;3;110;3;369.8031496;90.33458577;216.7511811;42.71767891;0.911135468;0.99;0.02;0.16;0.02;6.53;0.32;0.18;0.03;0.12;0.04;0.01;0.05;91.00;2.00;SS;1;Short Rod;0.66;99.00;1;0.68;1.13;2;2.65;2.26;2;1.50;4.0;3.4;Youd et al. (1983);*;;2.15;1.38;0.06;7.3;;;;;;;
86;1981 WestMorland ML=5.6;Kornbloom B;Yes;A;17.5;9.0;13.3;4.0;1.4;9.0;0.4;100;3;120;3;1410;172.7442112;1144.8;88.14957799;0.96272184;0.9;0.01;0.19;0.03;5.90;0.61;0.14;0.02;0.07;0.03;0.04;0.01;83.00;9.65;NA;1;Short Rod;0.85;99.00;1;0.68;1.13;14;5.40;3.12;1.359613903;1.31;7.1;4.1;Bennett et al. (1984);*;;1.23;1.75;0.06;10.6;;;;;;;
87;1981 Westmorland ML=5.6;Radio Tower B1;Yes;B;18.0;9.8;13.9;4.3;1.4;6.6;0.4;100;3;115;3;1505.085302;160.0609478;1044.455381;79.52043299;0.95024344;0.89;0.01;0.17;0.03;5.90;0.61;0.14;0.02;0.08;0.03;0.07;0.04;43.50;28.99;NA;1;Short Rod;0.86;99.00;1;0.68;1.13;2;4.45;3.38;1.423427859;1.39;6.2;4.7;Bennett et al. (1984);*;;1.27;1.75;0.06;9.6;;;;;;;
91;1981 WestMorland ML=5.6;Wildlife B;Yes;A;22.0;9.0;15.5;4.7;2.2;3.0;0.4;100;3;120;3;1800;262.9377303;1020;131.4629819;0.978730667;0.89;0.01;0.23;0.01;5.90;0.61;0.23;0.01;0.13;0.04;0.11;0.04;26.20;7.60;NA;1;Short Rod;0.88;99.00;1;0.68;1.13;7;7.85;3.48;1.440390742;1.44;11.3;5.0;Bennett et al. (1984);*;;1.28;1.75;0.11;14.1;;;;;;;
95;1983 Nihonkai-Chubu M=7.1;Takeda Elementary Sch.;Yes;B;21.3;8.2;14.8;4.5;2.2;1.1;0.4;100;3;115;3;1680.610236;254.903386;831.003937;123.2542008;0.971782492;0.851127976;0.06;0.12;0.04;7.10;0.11;0.13;0.04;0.12;0.04;0.24;0.05;0.00;2.00;NA;1;Short Rod;0.90;99.00;1;0.73;1.22;3;7.85;0.85;1.595801491;1.76;13.8;1.5;Yasuda and Tohno (1988);470;;1.37;1.14;0.09;14.3;;;;;;;
97;1983 Nihonkai-Chubu M=7.7;Aomori Station;Yes;A;24.6;13.1;18.9;5.8;1.9;0.0;0.4;100;3;120;3;2263.779528;236.6328319;1086.614173;124.8005849;0.962205553;0.860219703;0.08;0.12;0.01;7.70;0.15;0.14;0.01;0.14;0.03;0.25;0.05;3.00;2.00;NA;1;Short Rod;0.94;99.00;1;0.73;1.22;3;9.00;0.87;1.395541399;1.60;14.4;1.4;Yasuda and Tohno (1988);520;;1.25;0.94;0.11;15.0;;;;;;;
98;1983 Nihonkai-Chubu M=7.7;Arayamotomachi;Yes;B;18.0;3.3;10.7;3.3;2.5;3.3;0.3;100;3;115;3;1177.001312;284.0439371;716.3713911;132.4440069;0.987460808;0.938669265;0.05;0.20;0.06;7.70;0.15;0.20;0.06;0.21;0.07;0.15;0.05;5.00;2.00;NA;1;Short Rod;0.86;99.00;1;0.73;1.22;5;4.40;2.68;1.718744377;1.79;7.9;4.8;Yasuda and Tohno (1988);520;;1.44;0.94;0.15;8.4;;;;;;;
99;1983 Nihonkai-Chubu M=7.7;Gaiko 1&2;Yes;B;59.1;9.8;34.4;10.5;8.2;4.8;0.3;110;3;120;3;4085.629921;988.3671209;2236.968504;481.2028604;0.994653784;0.622249588;0.13;0.21;0.03;7.70;0.15;0.16;0.04;0.17;0.05;-;-;5.50;6.88;NA;1;No Short Rod;1.00;99.00;1;0.73;1.22;19;5.80;1.77;0.972636297;1.18;6.9;2.1;Iai. Et. Al. (1989);480;;0.98;0.94;0.17;7.4;;;;;;;
100;1983 Nihonkai-Chubu M=7.7;Gaiko Wharf B-2;Yes;B;41.0;8.2;24.6;7.5;5.5;1.3;0.3;110;3;120;3;2939.96063;659.9071115;1484.370079;323.0468944;0.992264582;0.818204176;0.10;0.23;0.07;7.70;0.15;0.24;0.08;0.26;0.09;0.25;0.05;1.00;2.00;NA;1;Short Rod;0.99;99.00;1;0.73;1.22;7;7.80;1.88;1.194013705;1.44;11.2;2.7;Hamada (1992);550;;1.13;0.94;0.23;11.7;;;;;;;
102;1983 Nihonkai-Chubu M=7.7;Nakajima No. 1 (5);Yes;B;42.7;6.6;24.6;7.5;6.0;5.8;0.3;110;3;120;3;2895.013123;724.2058754;1719.895013;351.8113759;0.99500764;0.789773965;0.10;0.21;0.03;7.70;0.15;0.18;0.04;0.19;0.05;-;-;14.60;17.44;NA;1;Short Rod;0.99;99.00;1;0.73;1.22;7;6.50;2.25;1.109250003;1.33;8.7;3.0;Iai. et. al. (1989);525;;1.07;0.94;0.18;10.2;;;;;;;
103;1983 Nihonkai-Chubu M=7.7;Nakajima No. 2 (1);Yes;A;29.5;6.6;18.0;5.5;3.8;4.8;0.3;120;3;125;3;2231.791339;480.3279039;1402.65748;243.9312993;0.993538767;0.903658566;0.08;0.21;0.03;7.70;0.15;0.19;0.03;0.21;0.05;-;-;2.00;1.00;NA;1;Short Rod;0.94;99.00;1;0.73;1.22;3;4.70;1.43;1.228300394;1.40;6.6;2.0;Iai. Et. Al. (1989);565;;1.15;0.94;0.18;7.1;;;;;;;
104;1983 Nihonkai-Chubu M=7.7;Nakajima No. 2 (2);Yes;A;18.7;6.6;12.6;3.9;2.0;4.9;0.3;120;3;120;3;1515.748031;244.3279269;1034.645669;121.1771761;0.981042215;0.961012969;0.06;0.20;0.03;7.70;0.15;0.19;0.03;0.20;0.05;-;-;8.00;5.66;NA;1;Short Rod;0.88;99.00;1;0.73;1.22;4;5.90;4.04;1.430159862;1.53;9.0;6.2;Iai. Et. Al. (1989);600;;1.27;0.94;0.16;9.9;;;;;;;
105;1983 Nihonkai-Chubu M=7.7;Nakajima No. 3 (3);Yes;A;12.5;3.3;7.9;2.4;1.5;5.2;0.3;100;3;110;3;814.3044619;169.3519355;646.4304462;76.585614;0.966369556;0.951969233;0.04;0.21;0.03;7.70;0.15;0.16;0.03;0.17;0.04;-;-;3.00;2.00;NA;1;Short Rod;0.82;99.00;1;0.73;1.22;3;3.00;0.11;1.809337172;1.80;5.4;0.2;Iai. Et. Al. (1989);500;;1.49;0.94;0.12;5.9;;;;;;;
106;1983 Nihonkai-Chubu M=7.7;Nakajima No. 3 (4);Yes;A;36.7;5.9;21.3;6.5;5.1;5.4;0.3;110;3;120;3;2504.92126;618.862779;1512.007874;300.737266;0.994580027;0.857399314;0.09;0.20;0.03;7.70;0.15;0.19;0.04;0.20;0.05;-;-;2.00;1.00;NA;1;Short Rod;0.96;99.00;1;0.73;1.22;7;7.80;3.03;1.183050765;1.39;10.8;4.2;Iai. Et. Al. (1989);550;;1.12;0.94;0.18;11.4;;;;;;;
107;1983 Nihonkai-Chubu M=7.7;Noshiro Section N-7;Yes;B;16.4;6.6;11.5;3.5;1.6;5.7;0.3;110;3;120;3;1320.538058;198.3744894;962.2703412;98.83570619;0.976525877;0.950532574;0.05;0.25;0.08;7.70;0.15;0.21;0.07;0.23;0.08;0.25;0.05;1.00;2.00;NA;1;Short Rod;0.87;99.00;1;0.73;1.22;4;9.80;2.11;1.482968264;1.57;15.3;3.3;Hamada (1992);560;;1.30;0.94;0.17;15.9;;;;;;;
108;1983 Nihonkai-Chubu M=7.7;Ohama No. 2 (2);Yes;A;37.1;7.2;22.1;6.8;5.0;2.4;0.3;100;3;110;3;2412.401575;550.61556;1177.913386;244.7855979;0.988025517;0.728498124;0.09;0.20;0.03;7.70;0.15;0.20;0.04;0.21;0.05;-;-;1.10;0.55;NA;1;Short Rod;0.97;99.00;1;0.73;1.22;6;4.60;2.91;1.340367005;1.58;7.3;4.6;Iai. Et. Al. (1989);450;;1.22;0.94;0.17;7.8;;;;;;;
110;1983 Nihonkai-Chubu M=7.7;Takeda Elementary Sch.;Yes;B;21.3;8.2;14.8;4.5;2.2;1.1;0.4;100;3;115;3;1680.610236;254.903386;831.003937;123.2542008;0.971782492;0.853546923;0.06;0.28;0.08;7.70;0.15;0.31;0.10;0.33;0.12;0.24;0.05;0.00;2.00;NA;1;Short Rod;0.90;99.00;1;0.73;1.22;3;7.85;0.85;1.595801491;1.76;13.8;1.5;Yasuda and Tohno (1988);470;;1.37;0.94;0.24;14.3;;;;;;;
122;1987 Superstition Hills Mw=6.6;Wildlife B;Yes;A;22.0;9.0;15.5;4.7;2.2;3.0;0.4;100;3;120;3;1800;262.9377303;1020;131.4629819;0.978730667;0.82;0.04;0.20;0.03;6.54;0.31;0.19;0.03;0.14;0.04;0.11;0.04;26.20;7.60;NA;1;Short Rod;0.88;99.00;1;0.68;1.13;7;7.85;3.48;1.440390742;1.44;11.3;5.0;Bennett et al. (1984);*;;1.28;1.37;0.11;14.1;;;;;;;
124;1989 Loma Prieta Mw=7;Farris Farm ;Yes;B;23.0;16.4;19.7;6.0;1.1;14.8;0.3;100;3;120;3;2066.929134;139.4200435;1759.84252;79.4323498;0.936393603;0.95;0.02;0.37;0.06;6.93;0.13;0.27;0.04;0.22;0.04;0.20;0.05;8.00;2.00;NA;1;Short Rod;0.92;0.00;1;0.68;1.13;1;9.00;1.74;1.096588038;1.15;10.3;2.0;Holzer et al. (1994);*;;1.06;1.20;0.21;11.2;;;;;;;
142;1989 Loma Prieta Mw=7;Marine Laboratory UC-B1;Yes;A;18.0;7.9;13.0;4.0;1.7;7.9;0.3;110;3;125;3;1501.804462;213.7927475;1184.481627;110.6931988;0.980792227;0.99;0.01;0.24;0.04;6.93;0.13;0.20;0.03;0.16;0.03;0.80;0.05;3.00;2.00;NA;1;Short Rod;0.85;0.00;1;0.60;1.00;4;10.30;0.97;1.336645507;1.13;11.7;1.1;Boulager et al. (1997);*;;1.22;1.20;0.13;12.2;;;;;;;
143;1989 Loma Prieta Mw=7;Marine Laboratory UC-B2;Yes;B;13.0;10.0;11.5;3.5;0.5;8.2;0.3;110;3;125;3;1314.468504;68.04303988;1108.679528;43.41950801;0.878560585;0.99;0.01;0.26;0.04;6.93;0.13;0.20;0.03;0.16;0.03;0.50;0.05;3.00;2.00;NA;1;Short Rod;0.83;0.00;1;0.60;1.00;1;13.00;1.75;1.381584312;1.14;14.9;2.0;Boulanger et al. (1997);*;;1.24;1.20;0.13;15.4;;;;;;;
144;1989 Loma Prieta Mw=7;Marine Laboratory_F1-F7;Yes;B;18.5;11.5;15.0;4.6;1.2;5.0;0.2;120;3;125;3;1850;149.642653;1226;80.82697494;0.973053193;0.990444523;0.01;0.25;0.08;6.93;0.13;0.24;0.07;0.20;0.06;0.43;0.08;3.00;1.41;NA;1;Short Rod;0.87;50.00;1;0.75;1.25;11;13.80;4.67;1.313817893;1.44;19.8;6.7;Boulanger et al (1997);780;;1.20;1.20;0.17;20.4;;;;;;;
146;1989 Loma Prieta Mw=7;Miller Farm ;Yes;A;26.2;13.1;19.7;6.0;2.2;13.1;0.4;110;3;125;3;2263.779528;276.9737249;1854.330709;144.7754254;0.979697892;0.9;0.02;0.42;0.06;6.93;0.13;0.30;0.05;0.25;0.05;0.16;0.05;22.00;2.00;NA;1;Short Rod;0.92;0.00;1;0.68;1.13;3;7.95;3.40;1.068284217;1.12;8.9;3.8;Holzer et al. (1994);*;;1.05;1.20;0.24;11.2;;;;;;;
129;1989 Loma Prieta Mw=7;Miller Farm CMF3;Yes;A;24.6;18.9;21.7;6.6;1.0;18.7;0.3;110;3;125;3;2436.433727;132.5070262;2247.063648;83.79082268;0.93053115;0.83;0.02;0.46;0.07;6.93;0.13;0.27;0.04;0.22;0.04;0.12;0.03;27.33;11.93;SS;1;Short Rod;0.94;101.60;1;0.68;1.13;3;10.30;3.66;0.970449008;1.04;10.7;3.8;Bennett and Tinsley (1995);*;;0.98;1.20;0.23;13.6;;;;;;;
130;1989 Loma Prieta Mw=7;Miller Farm CMF5;Yes;B;27.9;18.0;23.0;7.0;1.6;15.4;0.4;120;3;125;3;2793.635171;211.4285467;2322.769029;116.62481;0.960108831;0.9;0.02;0.41;0.06;6.93;0.13;0.29;0.04;0.24;0.04;0.19;0.05;13.00;2.00;SS;1;Short Rod;0.95;101.60;1;0.68;1.13;1;20.00;1.94;0.954503211;1.03;20.6;2.0;Bennett and Tinsley (1995);*;;0.97;1.20;0.25;22.2;;;;;;;
131;1989 Loma Prieta Mw=7;Miller Farm CMF8;Yes;B;26.2;16.4;21.3;6.5;1.6;16.1;0.3;100;3;120;3;2237.532808;203.3717075;1909.973753;107.9990285;0.960560106;0.73;0.01;0.46;0.07;6.93;0.13;0.26;0.04;0.21;0.04;0.20;0.08;15.50;2.12;SS;1;Short Rod;0.94;101.60;1;0.68;1.13;2;8.95;0.89;1.0526081;1.12;10.0;1.0;Bennett and Tinsley (1995);*;;1.04;1.20;0.21;11.7;;;;;;;
132;1989 Loma Prieta Mw=7;POO7-2;Yes;A;22.3;18.0;20.2;6.2;0.7;9.8;0.3;120;3;125;3;2472.933071;98.64468508;1828.051181;64.10788867;0.86;0.86;0.02;0.22;0.03;6.93;0.13;0.17;0.03;0.14;0.03;0.30;0.05;3.00;2.00;SWL;1.1;Short Rod;0.93;0.00;1;0.55;0.92;3;12.70;3.08;1.075935487;1.01;12.8;3.1;Mitchell et al. (1994);*;;1.05;1.20;0.13;13.3;;;;;;;
133;1989 Loma Prieta Mw=7;POO7-3;Yes;A;23.0;16.4;19.7;6.0;1.1;9.8;0.3;120;3;125;3;2411.417323;142.9452621;1797.244094;82.01877737;0.944759534;0.83;0.02;0.22;0.03;6.93;0.13;0.16;0.02;0.13;0.02;0.32;0.05;5.00;2.00;SWL;1.1;Short Rod;0.92;0.00;1;0.55;0.92;3;16.20;6.43;1.085117768;1.01;16.4;6.5;Mitchell et al. (1994);*;;1.06;1.20;0.13;17.0;;;;;;;
134;1989 Loma Prieta Mw=7;POR-2&3&4;Yes;A;19.0;13.1;16.1;4.9;1.0;11.5;0.4;100;3;110;3;1651.955381;114.0130228;1366.241995;63.15280281;0.876980892;0.78;0.02;0.15;0.02;6.93;0.13;0.09;0.01;0.08;0.01;0.09;0.05;50.00;2.00;SWL;1.1;Short Rod;0.89;0.00;1;0.55;0.92;6;3.15;0.99;1.244562159;1.11;3.5;1.1;Mitchell et al. (1994);*;;1.16;1.20;0.07;6.8;;;;;;;
135;1989 Loma Prieta Mw=7;Sandholdt UC-B10;Yes;A;13.0;8.0;10.5;3.2;0.8;5.6;0.3;110;3;120;3;1203.897638;102.5059065;898.776378;55.22299578;0.927679688;0.99;0.01;0.26;0.04;6.93;0.13;0.22;0.03;0.18;0.03;0.80;0.05;2.00;2.00;NA;1;Short Rod;0.81;0.00;1;0.75;1.25;3;9.15;3.78;1.534456504;1.56;14.3;5.9;Boulanger et al. (1997);*;;1.33;1.20;0.14;14.8;;;;;;;
136;1989 Loma Prieta Mw=7;SFOBB-1&2;Yes;A;23.0;18.0;20.5;6.3;0.8;9.8;0.3;120;3;125;3;2513.94357;111.3957012;1848.589239;69.48361841;0.92162188;0.79;0.01;0.27;0.04;6.93;0.13;0.19;0.03;0.15;0.03;0.28;0.05;8.00;2.00;SWL;1.2;Short Rod;0.93;0.00;1;0.55;0.92;4;7.50;2.01;1.069941904;1.10;8.2;2.2;Mitchell et al. (1994);*;;1.05;1.20;0.15;9.0;;;;;;;
137;1989 Loma Prieta Mw=7;State Beach UC-B1;Yes;A;12.0;5.9;9.0;2.7;1.0;5.9;0.3;110;3;125;3;1030.511811;128.6028689;840.3637795;68.13818799;0.959383573;0.95;0.01;0.29;0.04;6.93;0.13;0.22;0.03;0.18;0.03;0.26;0.05;1.67;0.58;NA;1;Short Rod;0.79;0.00;1;0.75;1.25;3;5.05;0.90;1.586889712;1.56;7.9;1.4;Boulanger et al. (1997);*;;1.36;1.20;0.13;8.4;;;;;;;
138;1989 Loma Prieta Mw=7;State Beach UC-B2;Yes;A;22.0;9.0;15.5;4.7;2.2;9.0;0.3;120;3;125;3;1892.5;272.8776181;1486.9;140.7202171;0.984844817;0.99;0.01;0.24;0.04;6.93;0.13;0.20;0.03;0.16;0.03;0.40;0.05;1.00;2.00;NA;1;Short Rod;0.88;0.00;1;0.75;1.25;6;13.25;1.83;1.192997481;1.31;17.4;2.4;Boulanger et al. (1997);*;;1.13;1.20;0.15;18.0;;;;;;;
139;1989 Loma Prieta Mw=7;Treasure Island;Yes;A;29.5;4.9;17.2;5.3;4.1;4.9;0.2;100;3;115;3;1906.988189;473.2984858;1139.271654;219.4627216;0.99449971;0.88;0.01;0.18;0.03;6.93;0.13;0.17;0.03;0.14;0.03;0.17;0.05;20.00;2.00;SWL;1.1;Short Rod;0.90;100.00;1;0.68;1.13;13;5.05;3.01;1.362908692;1.53;7.7;4.6;De Alba et al., Youd and Shakal (1994);*;;1.23;1.20;0.12;9.7;;;;;;;
140;1989 Loma Prieta Mw=7;WoodMarine UC-B4;Yes;A;8.2;3.3;5.7;1.8;0.8;3.3;0.3;110;3;120;3;656.167979;99.23651982;502.6246719;51.28830621;0.93409081;0.99;0.01;0.25;0.04;6.93;0.13;0.21;0.03;0.17;0.03;0.10;0.05;35.00;2.00;NA;1;Short Rod;0.72;0.00;1;0.60;1.00;3;5.75;0.21;2;1.45;8.3;0.3;Boulanger et al. (1997);*;;1.62;1.20;0.11;11.9;;;;;;;
148;1990 Luzon Mw=7.6;Perez Blv. B-11;Yes;B;34.4;13.1;23.8;7.3;3.6;7.5;0.3;100;3;125;3;2784.612861;447.5795798;1771.227034;229.1644519;0.991060887;0.887393743;0.10;0.25;0.08;7.70;0.15;0.23;0.07;0.24;0.09;0.20;0.05;19.00;2.00;NA;1;Short Rod;0.98;99.00;1;0.39;0.65;5;19.90;4.01;1.093058211;0.70;13.9;2.8;Wakamatsu (1992);610;;1.06;0.94;0.23;16.0;;;;;;;
149;1993 Kushiro-Oki Mw=8;Kushiro Port Seismo St.;Yes;A;18.4;5.2;11.8;3.6;2.2;6.6;0.3;110;3;125;3;1377.952756;274.5999439;1050.393701;139.9460663;0.988987998;0.992568634;0.05;0.40;0.06;7.60;0.14;0.34;0.06;0.35;0.08;0.35;0.05;5.00;2.00;NA;1;Short Rod;0.87;99.00;1;0.73;1.22;3;16.90;1.99;1.419398536;1.51;25.4;3.0;Iai et al. (1994);760;;1.27;0.97;0.28;26.1;;;;;;;
150;1993 Kushiro-Oki Mw=8;Kushiro Port Site A;Yes;A;21.3;13.1;17.2;5.3;1.4;6.6;0.3;105;3;125;3;2021.817585;175.0591921;1356.463255;94.31683419;0.966461403;0.961549322;0.07;0.40;0.06;7.60;0.14;0.37;0.06;0.39;0.09;0.34;0.05;2.00;2.00;NA;1;Short Rod;0.93;99.00;1;0.73;1.22;3;11.70;2.90;1.249040126;1.41;16.5;4.1;Iai et al. (1994);670;;1.16;0.97;0.33;17.1;;;;;;;
152;1994 Northridge Mw=6.7;Balboa Blv. Unit C;Yes;B;32.0;27.1;29.5;9.0;0.8;23.6;0.4;110;3;125;3;3336.614173;126.0298256;2968.110236;91.27809771;0.911558318;0.71;0.01;0.69;0.10;6.70;0.24;0.36;0.05;0.27;0.06;0.10;0.04;48.00;15.04;NA;1;Short Rod;1.00;99.00;1;0.68;1.13;1;19.90;4.18;0.844384775;0.96;19.0;4.0;Bennett et al.(1998);*;;0.89;1.30;0.31;23.3;;;;;;;
153;1994 Northridge Mw=6.7;Potrero Canyon C1;Yes;B;23.0;19.7;21.3;6.5;0.5;10.8;0.4;110;3;125;3;2503.28084;82.13629808;1848.16273;59.1092246;0.885585882;0.793574617;0.09;0.40;0.12;6.70;0.24;0.28;0.09;0.21;0.08;0.10;0.01;44.50;2.12;NA;1;Short Rod;0.94;99.00;1;0.68;1.13;2;9.50;0.61;1.070065355;1.14;10.8;0.7;Bennett et al. (1998) ;525;;1.05;1.30;0.20;14.6;;;;;;;
154;1994 Northridge Mw=6.7;Wynne Ave. Unit C1;Yes;A;22.1;18.9;20.5;6.3;0.5;13.7;1.5;110;3;125;3;2358.103675;85.52381134;1931.594488;93.10127165;0.343500047;0.86;0.04;0.54;0.08;6.70;0.24;0.37;0.06;0.28;0.07;0.11;0.04;42.40;8.88;NA;1;Short Rod;0.93;99.00;1;0.68;1.13;3;10.30;1.54;1.046700493;1.11;11.4;1.7;Bennett et al. (1998) ;*;;1.03;1.30;0.27;15.2;;;;;;;
158;1995 Hyogoken-Nambu ML=7.2;Ashiyama C-D-E (Marine Sand);Yes;B;32.8;24.6;28.7;8.8;1.4;11.5;0.2;110;3;125;3;3416.174541;181.8265159;2341.371391;105.9741363;0.958211707;0.740759103;0.11;0.40;0.08;6.90;0.15;0.28;0.07;0.23;0.06;0.19;0.05;2.00;2.00;NA;1;Short Rod;1.00;99.00;1;0.73;1.22;8;10.90;2.59;0.950703852;1.16;12.6;3.0;Shibata et al. (1996);560;;0.97;1.21;0.24;13.2;;;;;;;
157;1995 Hyogoken-Nambu ML=7.2;Ashiyama C-D-E (Mountain Sand 2);Yes;B;49.2;36.1;42.7;13.0;2.2;11.5;0.2;110;3;125;3;5159.120735;291.0054085;3214.238845;169.491744;0.959961574;0.588537277;0.15;0.40;0.08;6.90;0.15;0.25;0.08;0.20;0.07;0.13;0.05;18.00;2.00;NA;1;No Short Rod;1.00;99.00;1;0.73;1.22;6;5.70;2.73;0.811411829;0.99;5.6;2.7;Shibata et al. (1996);560;;0.87;1.21;0.23;7.4;;;;;;;
169;1995 Hyogoken-Nambu ML=7.2;Kobe No 11;Yes;B;32.0;12.3;22.1;6.8;3.3;4.8;0.3;110;3;120;3;2609.908136;397.4093787;1524.868766;197.1905021;0.986123181;0.671508767;0.09;0.50;0.10;6.90;0.15;0.37;0.09;0.30;0.08;0.00;0.00;5.00;2.00;NA;1;Short Rod;0.97;99.00;1;0.73;1.22;9;5.55;1.58;1.178051218;1.39;7.7;2.2;Kobe City Office (1999);450;;1.12;1.21;0.28;8.2;;;;;;;
171;1995 Hyogoken-Nambu ML=7.2;Kobe No 13;Yes;B;26.2;16.4;21.3;6.5;1.6;7.5;0.3;125;3;120;3;2596.784777;202.4195536;1736.942257;107.5091366;0.95817305;0.866450656;0.09;0.50;0.10;6.90;0.15;0.42;0.09;0.34;0.09;0.00;0.00;15.00;10.00;NA;1;Short Rod;0.96;99.00;1;0.73;1.22;4;9.30;1.08;1.103793206;1.29;12.0;1.4;Kobe City Office (1999);590;;1.07;1.21;0.32;13.7;;;;;;;
173;1995 Hyogoken-Nambu ML=7.2;Kobe No 15;Yes;B;22.6;15.3;18.9;5.8;1.2;12.0;0.3;100;3;125;3;2068.979659;159.4850845;1633.940289;88.23655068;0.958501376;0.864208644;0.08;0.50;0.10;6.90;0.15;0.36;0.08;0.29;0.07;0.00;0.00;4.67;4.51;NA;1;Short Rod;0.94;99.00;1;0.73;1.22;3;15.00;3.06;1.138052551;1.31;19.6;4.0;Kobe City Office (1999);560;;1.09;1.21;0.27;20.2;;;;;;;
175;1995 Hyogoken-Nambu ML=7.2;Kobe No 17;Yes;B;19.7;9.8;14.8;4.5;1.6;2.5;0.3;110;3;120;3;1747.047244;200.4392108;979.3307087;102.9171315;0.968056446;0.950808268;0.06;0.50;0.10;6.90;0.15;0.55;0.12;0.45;0.11;0.00;0.00;5.00;2.00;NA;1;Short Rod;0.90;99.00;1;0.73;1.22;5;13.10;4.39;1.469994537;1.62;21.2;7.1;Kobe City Office (1999);630;;1.30;1.21;0.35;21.8;;;;;;;
182;1995 Hyogoken-Nambu ML=7.2;Kobe No 24;Yes;B;13.1;9.8;11.5;3.5;0.5;7.7;0.3;115;3;120;3;1339.402887;70.50478613;1103.969816;44.17738205;0.86812112;0.983682087;0.05;0.50;0.10;6.90;0.15;0.39;0.08;0.31;0.08;0.00;0.00;0.00;2.00;NA;1;Short Rod;0.87;99.00;1;0.73;1.22;2;16.95;0.96;1.384528205;1.46;24.8;1.4;Kobe City Office (1999);700;;1.24;1.21;0.26;25.4;;;;;;;
186;1995 Hyogoken-Nambu ML=7.2;Kobe No 28;Yes;B;16.4;9.8;13.1;4.0;1.1;5.7;0.3;110;3;125;3;1554.2979;139.6234415;1093.667979;75.3400113;0.958410594;0.961389612;0.06;0.40;0.08;6.90;0.15;0.36;0.07;0.29;0.07;0.00;0.00;8.00;2.00;NA;1;Short Rod;0.89;99.00;1;0.73;1.22;3;14.30;3.73;1.391033723;1.50;21.5;5.6;Kobe City Office (1999);630;;1.25;1.21;0.23;22.5;;;;;;;
187;1995 Hyogoken-Nambu ML=7.2;Kobe No 29;Yes;B;14.8;9.8;12.3;3.8;0.8;6.6;0.3;110;3;125;3;1439.468504;105.9059126;1081.200787;59.35244986;0.936147993;0.978637369;0.05;0.40;0.08;6.90;0.15;0.34;0.07;0.27;0.07;0.00;0.00;0.00;2.00;NA;1;Short Rod;0.88;99.00;1;0.73;1.22;3;12.05;2.21;1.399030655;1.49;18.0;3.3;Kobe City Office (1999);680;;1.25;1.21;0.22;18.6;;;;;;;
192;1995 Hyogoken-Nambu ML=7.2;Kobe No 34;Yes;B;32.8;13.1;23.0;7.0;3.3;5.9;0.3;105;3;125;3;2752.624672;413.7094163;1688.057743;212.7824261;0.989260111;0.882820243;0.09;0.40;0.08;6.90;0.15;0.37;0.09;0.30;0.08;0.00;0.00;9.29;1.89;NA;1;Short Rod;0.98;99.00;1;0.73;1.22;7;17.65;2.86;1.119661534;1.33;23.5;3.8;Kobe City Office (1999);620;;1.08;1.21;0.29;24.7;;;;;;;
193;1995 Hyogoken-Nambu ML=7.2;Kobe No 35;Yes;B;19.7;9.8;14.8;4.5;1.6;6.7;0.3;110;3;125;3;1744.586614;207.4979191;1243.011811;108.333352;0.97787156;0.946162655;0.06;0.50;0.10;6.90;0.15;0.43;0.09;0.35;0.09;0.00;0.00;6.25;4.79;NA;1;Short Rod;0.90;99.00;1;0.73;1.22;4;12.30;1.88;1.30479649;1.44;17.7;2.7;Kobe City Office (1999);620;;1.20;1.21;0.30;18.4;;;;;;;
195;1995 Hyogoken-Nambu ML=7.2;Kobe No 37;Yes;B;19.7;13.1;16.4;5.0;1.1;13.1;0.3;120;3;125;3;1984.908136;142.6060054;1780.183727;81.4260686;0.94555767;0.914035722;0.07;0.35;0.07;6.90;0.15;0.23;0.05;0.19;0.05;0.00;0.00;0.00;2.00;NA;1;Short Rod;0.92;99.00;1;0.73;1.22;4;18.40;2.54;1.090304975;1.22;22.5;3.1;Kobe City Office (1999);580;;1.06;1.21;0.18;23.1;;;;;;;
196;1995 Hyogoken-Nambu ML=7.2;Kobe No 38;Yes;B;32.8;19.7;26.2;8.0;2.2;9.8;0.3;115;3;125;3;3182.414698;279.378121;2158.792651;149.2918846;0.975357741;0.853136879;0.10;0.50;0.10;6.90;0.15;0.41;0.10;0.33;0.09;0.00;0.00;5.00;2.00;NA;1;Short Rod;1.00;99.00;1;0.73;1.22;5;15.20;2.08;0.99009061;1.20;18.3;2.5;Kobe City Office (1999);630;;0.99;1.21;0.34;18.9;;;;;;;
199;1995 Hyogoken-Nambu ML=7.2;Kobe No 41;Yes;B;19.7;7.4;13.5;4.1;2.1;6.6;0.3;100;3;120;3;1492.782152;247.806273;1057.742782;122.2161165;0.98432508;0.955407521;0.06;0.40;0.08;6.90;0.15;0.35;0.08;0.28;0.07;0.00;0.00;0.00;2.00;NA;1;Short Rod;0.89;99.00;1;0.73;1.22;6;9.70;1.96;1.414459028;1.53;14.9;3.0;Kobe City Office (1999);620;;1.26;1.21;0.23;15.4;;;;;;;
200;1995 Hyogoken-Nambu ML=7.2;Kobe No 42;Yes;B;19.7;13.1;16.4;5.0;1.1;3.8;0.3;110;3;120;3;1930.774278;137.0959761;1142.585302;76.0208941;0.938728099;0.781513721;0.07;0.40;0.08;6.90;0.15;0.34;0.08;0.28;0.07;0.00;0.00;10.00;2.00;NA;1;Short Rod;0.92;99.00;1;0.73;1.22;3;7.00;0.33;1.36093095;1.53;10.7;0.5;Kobe City Office (1999);450;;1.23;1.21;0.23;11.7;;;;;;;
201;1995 Hyogoken-Nambu ML=7.2;Kobe No 43;Yes;B;17.1;13.8;15.4;4.7;0.5;7.1;0.3;100;3;120;3;1709.317585;73.61589976;1187.270341;47.239146;0.882254851;0.95855107;0.07;0.35;0.07;6.90;0.15;0.31;0.07;0.25;0.06;0.00;0.00;20.00;2.00;NA;1;Short Rod;0.91;99.00;1;0.73;1.22;2;10.00;0.34;1.335074798;1.48;14.8;0.5;Kobe City Office (1999);650;;1.21;1.21;0.21;17.1;;;;;;;
202;1995 Hyogoken-Nambu ML=7.2;Kobe No 44;Yes;B;16.4;9.8;13.1;4.0;1.1;5.1;0.3;110;3;110;3;1443.569554;123.6354139;941.9947507;62.24548828;0.919526091;0.900969039;0.06;0.40;0.08;6.90;0.15;0.36;0.08;0.29;0.07;0.00;0.00;5.00;2.00;NA;1;Short Rod;0.89;99.00;1;0.73;1.22;3;4.70;1.17;1.498843076;1.62;7.6;1.9;Kobe City Office (1999);520;;1.31;1.21;0.23;8.1;;;;;;;
163;1995 Hyogoken-Nambu ML=7.2;Kobe No 5;Yes;B;36.1;21.3;28.7;8.8;2.5;9.9;0.3;110;3;120;3;3345.800525;302.0942046;2172.729659;156.2030494;0.972008197;0.695769885;0.11;0.35;0.07;6.90;0.15;0.24;0.06;0.20;0.06;0.00;0.00;1.25;2.50;NA;1;Short Rod;1.00;99.00;1;0.73;1.22;5;5.80;1.33;0.986910026;1.20;7.0;1.6;Kobe City Office (1999);525;;0.99;1.21;0.20;7.5;;;;;;;
165;1995 Hyogoken-Nambu ML=7.2;Kobe No 7;Yes;B;12.5;5.9;9.2;2.8;1.1;10.4;0.3;110;3;120;3;998.687664;134.948763;1072.388451;72.07661407;0.945796882;0.985855295;0.04;0.40;0.08;6.90;0.15;0.24;0.05;0.19;0.05;0.00;0.00;0.00;2.00;NA;1;Short Rod;0.84;99.00;1;0.73;1.22;2;15.60;5.52;1.404767151;1.43;22.3;7.9;Kobe City Office (1999);675;;1.26;1.21;0.16;23.0;;;;;;;
166;1995 Hyogoken-Nambu ML=7.2;Kobe No 8;Yes;B;19.7;13.1;16.4;5.0;1.1;9.7;0.3;100;3;125;3;1808.562992;141.3993241;1388.877953;77.86437394;0.955919647;0.960821269;0.07;0.50;0.10;6.90;0.15;0.41;0.09;0.33;0.08;0.00;0.00;0.00;2.00;NA;1;Short Rod;0.92;99.00;1;0.73;1.22;3;17.35;2.02;1.234378547;1.38;24.0;2.8;Kobe City Office (1999);675;;1.15;1.21;0.29;24.6;;;;;;;
167;1995 Hyogoken-Nambu ML=7.2;Kobe No 9;Yes;B;17.4;10.8;14.1;4.3;1.1;9.1;0.3;105;3;115;3;1531.496063;129.5996033;1218.267717;67.27722226;0.935586399;0.890022016;0.06;0.50;0.10;6.90;0.15;0.36;0.08;0.29;0.07;0.00;0.00;2.33;4.04;NA;1;Short Rod;0.90;99.00;1;0.73;1.22;3;8.60;3.82;1.317980666;1.44;12.4;5.5;Kobe City Office (1999);525;;1.20;1.21;0.25;12.9;;;;;;;
203;1995 Hyogoken-Nambu ML=7.2;Port Island Borehole Array Station;Yes;B;43.0;6.9;24.9;7.6;6.0;7.9;0.3;110;3;125;3;2998.687664;753.9827098;1934.120735;380.992589;0.996344835;0.715185337;0.10;0.34;0.07;6.90;0.15;0.25;0.06;0.20;0.05;0.40;0.02;20.00;2.00;NA;1;Short Rod;0.99;99.00;1;0.73;1.22;12;5.65;1.43;1.046016697;1.26;7.1;1.8;Shibata et al. (1996);500;;1.03;1.21;0.20;9.1;;;;;;;
207;1995 Hyogoken-Nambu ML=7.2;Port Island Site I;Yes;B;45.9;19.7;32.8;10.0;4.4;9.8;0.3;110;3;120;3;3838.582677;530.2677323;2405.511811;263.3514887;0.987051158;0.776899982;0.13;0.34;0.07;6.90;0.15;0.27;0.07;0.22;0.06;0.40;0.05;20.00;2.00;NA;1;No Short Rod;1.00;99.00;1;0.73;1.22;9;9.70;1.58;0.937943462;1.14;11.1;1.8;Tokimatsu et al. (1996);620;;0.96;1.21;0.24;13.2;;;;;;;
208;1995 Hyogoken-Nambu ML=7.2;Rokko Island Building D;Yes;B;36.1;13.1;24.6;7.5;3.8;13.1;0.3;110;3;125;3;2878.937008;481.3283121;2162.401575;245.666863;0.992130321;0.93133691;0.10;0.40;0.08;6.90;0.15;0.32;0.08;0.26;0.07;0.80;0.05;25.00;2.00;NA;1;Short Rod;0.99;99.00;1;0.73;1.22;13;14.80;5.97;0.989264063;1.19;17.6;7.1;Tokimatsu et al. (1996);700;;0.99;1.21;0.27;20.6;;;;;;;
209;1995 Hyogoken-Nambu ML=7.2;Rokko Island Site G;Yes;B;62.3;13.1;37.7;11.5;8.2;13.1;0.3;110;3;120;3;4396.325459;987.8057351;2860.892388;480.048745;0.995272196;0.721926257;0.14;0.34;0.07;6.90;0.15;0.25;0.07;0.20;0.06;0.40;0.05;20.00;2.00;NA;1;No Short Rod;1.00;99.00;1;0.73;1.22;17;11.95;3.44;0.860061775;1.05;12.5;3.6;Tokimatsu et al. (1996);620;;0.90;1.21;0.22;14.7;;;;;;;
210;1995 Hyogoken-Nambu ML=7.2;Torishima Dike;Yes;B;21.3;9.8;15.6;4.8;1.9;0.0;0.3;110;3;115;3;1792.158793;225.0054714;819.7178478;112.3215955;0.962122913;0.805483678;0.07;0.25;0.05;6.90;0.15;0.29;0.06;0.23;0.06;0.20;0.05;20.00;2.00;NA;1;Short Rod;0.91;99.00;1;0.73;1.22;4;8.50;1.91;1.606749642;1.78;15.2;3.4;Matsuo (1996);450;;1.38;1.21;0.17;17.4;;;;;;;
12;1964 Niigata M=7.5;Rail Road-2;No/Yes;B;36.1;29.5;32.8;10.0;1.1;3.0;1.0;110;3;125;3;4056.049869;164.2869755;2196.005774;122.5211157;0.830930537;0.766866321;0.14;0.16;0.02;7.60;0.14;0.15;0.04;0.15;0.04;0.20;0.05;2.00;2.00;NA;1;No Short Rod;1.00;99.00;1;0.66;1.09;1;16.00;1.87;0.981665817;1.07;17.1;2.0;Koizumi (1964);580;;0.99;0.97;0.15;17.7;;;;;;;
28;1976 Guatemala M=7.5;Amatitlan B-2;No/Yes;B;20.0;8.0;14.0;4.3;2.0;8.0;0.3;60;1;90;1;1020;180.5020776;645.6;56.93433411;0.968059446;0.818600865;0.06;0.14;0.04;7.50;0.13;0.11;0.04;0.11;0.04;0.80;0.05;3.00;2.00;NA;1;Short Rod;0.86;99.00;1;0.45;0.75;3;7.95;1.11;1.810500489;1.17;9.3;1.3;Seed, et al. (1979);420;;1.49;1.00;0.08;9.8;;;;;;;
9;1964 Niigata M=7.5;Old Town -1;No;A;32.8;16.4;24.6;7.5;2.7;6.0;0.3;110;3;125;3;2985.787402;346.7793279;1824.754331;181.4784972;0.983063831;0.872571682;0.11;0.18;0.03;7.60;0.14;0.17;0.03;0.17;0.04;0.20;0.05;2.00;2.00;NA;1;Short Rod;0.99;99.00;1;0.73;1.21;6;17.35;0.54;1.076907014;1.29;22.3;0.7;Koizumi (1964);600;;1.05;0.97;0.16;23.0;;;;;;;
10;1964 Niigata M=7.5;Old Town -2;No;B;42.7;32.8;37.7;11.5;1.6;6.0;0.3;110;3;125;3;4626.207349;226.8297077;2646.27664;141.8888474;0.943862764;0.743061638;0.16;0.18;0.03;7.60;0.14;0.15;0.04;0.16;0.05;0.20;0.05;2.00;2.00;NA;1;No Short Rod;1.00;99.00;1;0.73;1.21;5;24.70;2.96;0.8942579;1.08;26.7;3.2;Koizumi (1964);600;;0.93;0.97;0.17;27.4;;;;;;;
14;1964 Niigata M=7.5;Road Site;No;A;29.5;13.1;21.3;6.5;2.7;8.2;0.4;100;3;125;3;2460.629921;345.0042587;1641.732283;177.8181891;0.986703587;0.876195886;0.10;0.18;0.03;7.60;0.14;0.15;0.03;0.16;0.04;0.36;0.13;0.00;2.00;NA;1;Short Rod;0.96;99.00;1;0.66;1.09;6;12.05;3.18;1.135348624;1.19;14.4;3.8;Ishihara et. al. (1979);570;;1.09;0.97;0.15;15.0;;;;;;;
16;1964 Niigata M=7.5;Showa Br 4;No;B;23.0;16.4;19.7;6.0;1.1;4.0;0.3;110;3;125;3;2400.629921;145.1405478;1421.883465;85.13043224;0.943099038;0.994801324;0.09;0.18;0.03;7.60;0.14;0.20;0.03;0.20;0.05;0.30;0.05;0.00;2.00;NA;1;Short Rod;0.95;99.00;1;0.73;1.21;2;30.00;2.43;1.219967905;1.40;42.0;3.4;Takada et al (1965);850;;1.14;0.97;0.18;42.8;;;;;;;
17;1968 Tokachioki M=7.9;Hachinohe - 2;No;B;26.0;10.0;18.0;5.5;2.7;7.0;0.3;115;3;125;3;2180;335.6338945;1493.6;172.1739126;0.988576812;0.988175093;0.08;0.23;0.07;8.30;0.19;0.21;0.07;0.27;0.11;0.25;0.05;5.00;2.00;NA;1;Short Rod;0.94;99.00;1;0.73;1.21;5;28.50;2.15;1.190318695;1.35;38.4;2.9;Ohsaki (1970);760;;1.12;0.79;0.24;39.1;;;;;;;
18;1968 Tokachioki M=7.9;Hachinohe - 4;No;B;13.0;3.0;8.0;2.4;1.7;3.0;0.3;110;3;125;3;955;209.1148674;643;106.7410551;0.984632485;0.997079775;0.04;0.23;0.07;8.30;0.19;0.22;0.07;0.28;0.11;0.25;0.05;5.00;2.00;NA;1;Short Rod;0.82;99.00;1;0.73;1.21;3;13.95;1.22;1.814157217;1.80;25.1;2.2;Ohsaki (1970);760;;1.49;0.79;0.18;25.7;;;;;;;
29;1976 Guatemala M=7.5;Amatitlan B-3&4;No;C;45.0;22.0;33.5;10.2;3.8;12.5;1.6;60;1;90;1;2640.3;349.2301536;1329.276;120.4972879;0.82155278;0.682024368;0.13;0.14;0.04;7.50;0.13;0.12;0.04;0.12;0.05;0.80;0.05;3.00;2.00;NA;1;No Short Rod;1.00;99.00;1;0.45;0.75;7;15.10;1.90;1.261748582;0.95;14.3;1.8;Seed, et al. (1979);520;;1.17;1.00;0.10;14.9;;;;;;;
32;1976 Tangshan Ms=7.8;Luan Nan-L1;No;B;18.0;4.9;11.5;3.5;2.2;9.4;0.3;100;3;125;3;1201.607612;275.0153203;1068.536745;140.3598188;0.989042707;0.988916536;0.05;0.22;0.07;7.60;0.14;0.16;0.05;0.16;0.06;0.17;0.05;5.00;2.00;NA;1;Short Rod;0.87;99.00;1;0.60;1.00;3;19.55;2.95;1.407296723;1.22;23.9;3.6;Shengcong et al. (1983);710;;1.26;0.97;0.13;24.5;;;;;;;
35;1976 Tangshan Ms=7.8;Tangshan City;No;B;18.0;11.5;14.8;4.5;1.1;9.8;0.3;110;3;125;3;1697.834646;140.7033774;1390.748031;77.3230385;0.954489683;0.995971191;0.06;0.50;0.15;7.60;0.14;0.40;0.12;0.41;0.14;0.20;0.05;10.00;2.00;NA;1;Short Rod;0.90;99.00;1;0.60;1.00;2;29.70;5.02;1.23354836;1.12;33.1;5.6;Shengcong et al. (1983);850;;1.15;0.97;0.35;34.6;;;;;;;
39;1977 Argentina M=7.4;San Juan B-4;No;B;12.0;4.0;8.0;2.4;1.3;4.0;0.3;110;3;125;3;940;167.5888653;690.4;86.35330245;0.976732013;0.977677432;0.04;0.20;0.03;7.50;0.13;0.17;0.03;0.17;0.04;0.29;0.05;4.00;2.00;NA;1;Short Rod;0.77;99.00;1;0.45;0.75;2;13.60;0.69;1.750773707;1.01;13.8;0.7;Idriss, et al. (1979);590;;1.46;1.00;0.12;14.3;;;;;;;
40;1977 Argentina M=7.4;San Juan B-5;No;B;12.0;7.0;9.5;2.9;0.8;7.0;0.3;110;3;125;3;1082.5;106.6217353;926.5;58.48777232;0.940863375;0.987223651;0.04;0.20;0.03;7.50;0.13;0.15;0.02;0.15;0.03;0.24;0.05;3.00;2.00;NA;1;Short Rod;0.80;99.00;1;0.45;0.75;2;15.30;0.11;1.511324405;0.90;13.8;0.1;Idriss, et al. (1979);670;;1.32;1.00;0.11;14.4;;;;;;;
42;1978 Miyagiken-Oki M=6.7;Arahama;No;B;26.2;6.6;16.4;5.0;3.3;3.0;0.3;110;3;120;3;1938.503937;395.8628084;1102.08189;194.054742;0.990002308;0.936488566;0.07;0.10;0.03;6.50;0.33;0.11;0.03;0.07;0.03;0.45;0.05;0.00;2.00;NA;1;Short Rod;0.92;99.00;1;0.66;1.09;7;8.90;2.37;1.385713584;1.39;12.4;3.3;Tohno et al. (1981) & Fear et al. (1995);610;;1.25;1.39;0.06;12.9;;;;;;;
43;1978 Miyagiken-Oki M=6.7;Hiyori-18;No;B;13.1;8.2;10.7;3.3;0.8;8.0;0.3;110;3;120;3;1199.527559;101.6677458;1033.373228;55.84741737;0.923348065;0.976222916;0.05;0.14;0.04;6.50;0.33;0.10;0.03;0.07;0.03;0.15;0.05;20.00;2.00;NA;1;Short Rod;0.86;99.00;1;0.66;1.09;1;9.10;1.49;1.431040102;1.34;12.2;2.0;Tsuchida et al. (1979, 1980);640;;1.27;1.39;0.06;14.4;;;;;;;
44;1978 Miyagiken-Oki M=6.7;Ishinomaki-2;No;B;19.7;4.6;12.1;3.7;2.5;4.6;2.0;110;3;120;3;1410.761155;303.6394724;939.8950131;179.9163481;0.776052971;0.916156438;0.05;0.12;0.04;6.50;0.33;0.11;0.04;0.07;0.03;0.15;0.05;10.00;2.00;NA;1;Short Rod;0.88;99.00;1;0.66;1.09;5;4.00;0.35;1.500516359;1.43;5.7;0.5;Ishihara et al. (1980);520;;1.31;1.39;0.06;6.7;;;;;;;
45;1978 Miyagiken-Oki M=6.7;Kitawabuchi-2;No;B;13.1;9.8;11.5;3.5;0.5;9.8;0.3;100;3;120;3;1181.102362;72.37167753;1078.740157;45.27577637;0.880904732;0.877762611;0.05;0.14;0.04;6.50;0.33;0.09;0.03;0.06;0.02;0.53;0.05;5.00;2.00;NA;1;Short Rod;0.87;99.00;1;0.60;1.00;1;11.10;1.65;1.400625356;1.22;13.5;2.0;Iwasaki (1978);460;;1.25;1.39;0.05;14.0;;;;;;;
46;1978 Miyagiken-Oki M=6.7;Nakajima-18;No;B;20.0;8.0;14.0;4.3;2.0;8.0;0.3;110;3;125;3;1630;251.8337745;1255.6;129.527018;0.985184594;0.966229462;0.06;0.14;0.04;6.50;0.33;0.11;0.04;0.08;0.03;0.35;0.05;3.00;2.00;NA;1;Short Rod;0.90;99.00;1;0.66;1.09;3;9.60;3.94;1.298239306;1.27;12.2;5.0;Tsuchida et al. (1979, 1980);650;;1.19;1.39;0.07;12.7;;;;;;;
48;1978 Miyagiken-Oki M=6.7;Nakamura 5;No;B;13.1;9.0;11.1;3.4;0.7;4.3;0.3;110;3;120;3;1284.750656;85.96103324;860.6435696;48.92333746;0.902794688;0.969732185;0.05;0.12;0.04;6.50;0.33;0.11;0.03;0.08;0.03;0.28;0.05;4.00;2.00;NA;1;Short Rod;0.86;99.00;1;0.60;1.00;1;7.10;1.48;1.568081905;1.35;9.6;2.0;Iwasaki (1978);620;;1.35;1.39;0.06;10.1;;;;;;;
49;1978 Miyagiken-Oki M=6.7;Oiiri-1;No;B;25.0;14.0;19.5;5.9;1.8;14.0;0.3;110;3;120;3;2200;224.6002004;1856.8;115.9082758;0.968811459;0.831937285;0.08;0.14;0.04;6.50;0.33;0.09;0.03;0.06;0.02;0.34;0.05;5.00;2.00;NA;1;Short Rod;0.95;99.00;1;0.60;1.00;1;9.15;1.97;1.067573644;1.01;9.3;2.0;Iwasaki (1978);525;;1.04;1.39;0.06;9.8;;;;;;;
50;1978 Miyagiken-Oki M=6.7;Shiomi-6;No;B;19.7;9.8;14.8;4.5;1.6;8.0;0.3;110;3;120;3;1691.653543;199.366035;1269.593701;100.8110841;0.972251865;0.941230698;0.06;0.14;0.04;6.50;0.33;0.11;0.04;0.08;0.03;0.25;0.05;10.00;2.00;NA;1;Short Rod;0.90;99.00;1;0.66;1.09;2;7.30;1.73;1.291064762;1.27;9.3;2.2;Tsuchida et al. (1979, 1980);600;;1.19;1.39;0.07;10.3;;;;;;;
51;1978 Miyagiken-Oki M=6.7;Yuriage Br-1;No;B;13.1;9.8;11.5;3.5;0.6;5.6;0.3;100;3;115;3;1233.088583;67.90556491;866.6400787;40.36714686;0.859559814;0.980417271;0.05;0.12;0.04;6.50;0.33;0.11;0.03;0.08;0.03;0.40;0.05;10.00;2.00;NA;1;Short Rod;0.87;99.00;1;0.60;1.00;2;2.95;1.33;1.562647504;1.36;4.0;1.8;Iwasaki (1978);670;;1.35;1.39;0.06;5.0;;;;;;;
52;1978 Miyagiken-Oki M=6.7;Yuriage Br-2;No;B;10.0;6.0;8.0;2.4;0.7;4.3;0.3;100;3;125;3;893.3727034;85.3812589;660.3144357;46.44162398;0.928793387;0.995191752;0.04;0.12;0.04;6.50;0.33;0.11;0.03;0.07;0.03;1.60;0.05;7.00;2.00;NA;1;Short Rod;0.82;99.00;1;0.67;1.12;2;11.40;1.34;1.790214256;1.64;18.7;2.2;Iwasaki (1978);750;;1.48;1.39;0.05;19.5;;;;;;;
53;1978 Miyagiken-Oki M=6.7;Yuriage Br-3;No;B;13.1;6.6;9.8;3.0;1.1;0.9;0.3;110;3;120;3;1172.572178;134.0339719;611.6272966;70.34895382;0.949541841;0.982927684;0.05;0.12;0.04;6.50;0.33;0.15;0.04;0.10;0.04;1.20;0.05;12.00;2.00;NA;1;Short Rod;0.85;99.00;1;0.60;1.00;3;7.10;0.95;1.860102933;1.57;11.2;1.5;Iwasaki (1978);660;;1.52;1.39;0.07;12.5;;;;;;;
54;1978 Miyagiken-Oki M=6.7;Yuriagekami-1;No;B;18.0;5.9;12.0;3.7;2.0;6.0;0.3;100;3;110;3;1257.545932;224.0155207;882.9002625;100.8306204;0.975337095;0.974288212;0.05;0.12;0.04;6.50;0.33;0.11;0.03;0.08;0.03;0.04;0.05;60.00;2.00;NA;1;Short Rod;0.87;99.00;1;0.60;1.00;4;2.00;0.89;1.548191163;1.35;2.7;1.2;Iwasaki (1978);650;;1.34;1.39;0.06;6.0;;;;;;;
55;1978 Miyagiken-Oki M=6.7;Yuriagekami-2;No;B;18.0;6.6;12.3;3.8;1.9;2.8;0.3;100;3;120;3;1420.603675;231.6546433;826.9028871;114.8848789;0.981644522;0.964145989;0.05;0.12;0.04;6.50;0.33;0.13;0.04;0.09;0.03;0.40;0.05;0.00;2.00;NA;1;Short Rod;0.88;99.00;1;0.60;1.00;4;8.75;3.35;1.59975381;1.40;12.3;4.7;Iwasaki (1978);620;;1.37;1.39;0.07;12.8;;;;;;;
60;1978 Miyagiken-Oki M=7.4;Ishinomaki-4;No;B;23.0;4.6;13.8;4.2;3.1;4.6;0.3;120;3;125;3;3015.475066;384.005739;2442.246719;194.9112651;0.992626294;0.972368757;0.06;0.20;0.06;7.70;0.15;0.16;0.05;0.17;0.06;0.18;0.05;10.00;2.00;NA;1;Short Rod;0.89;99.00;1;0.73;1.21;7;23.40;2.68;0.930862725;1.01;23.5;2.7;Ishihara et al. (1980);650;;0.95;0.94;0.17;24.8;;;;;;;
62;1978 Miyagiken-Oki M=7.4;Kitawabuchi-3;No;B;18.0;10.0;14.0;4.3;1.3;10.0;3.0;110;3;120;3;1582.677165;166.8291684;1331.685039;178.1057783;0.294651954;0.990989934;0.06;0.28;0.08;7.70;0.15;0.21;0.07;0.23;0.09;0.41;0.05;0.00;2.00;NA;1;Short Rod;0.90;99.00;1;0.73;1.21;5;13.15;5.05;1.260606804;1.37;18.0;6.9;Iwasaki (1978);760;;1.17;0.94;0.20;18.6;;;;;;;
63;1978 Miyagiken-Oki M=7.4;Nakajima-2;No;B;20.0;10.0;15.0;4.6;1.7;8.0;0.3;110;3;125;3;1755;210.8080354;1318.2;110.0211473;0.978260106;0.967227874;0.06;0.24;0.07;7.70;0.15;0.20;0.06;0.21;0.07;0.12;0.05;26.00;2.00;NA;1;Short Rod;0.91;99.00;1;0.66;1.09;2;11.90;2.31;1.267038331;1.25;14.9;2.9;Tsuchida et al. (1979, 1980);650;;1.17;0.94;0.18;17.9;;;;;;;
64;1978 Miyagiken-Oki M=7.4;Nakamura 1;No;B;13.1;6.6;9.8;3.0;1.1;3.0;0.3;110;3;125;3;1186.023622;138.6119872;756.1023622;73.44858654;0.962622596;0.991921125;0.05;0.32;0.10;7.70;0.15;0.32;0.10;0.35;0.12;0.28;0.05;4.00;2.00;NA;1;Short Rod;0.85;99.00;1;0.67;1.12;2;15.75;4.05;1.672977537;1.58;24.9;6.4;Iwasaki (1978);720;;1.41;0.94;0.24;25.6;;;;;;;
72;1978 Miyagiken-Oki M=7.4;Yuriage Br-5;No;B;29.5;19.7;24.6;7.5;1.6;4.3;0.5;120;3;125;3;3054.461942;214.337063;1785.170604;123.5175571;0.939502322;0.977099256;0.10;0.24;0.07;7.70;0.15;0.26;0.08;0.28;0.10;0.35;0.05;17.00;2.00;NA;1;Short Rod;0.99;99.00;1;0.67;1.12;4;20.45;6.65;1.088781026;1.20;24.6;8.0;Iwasaki (1978);780;;1.06;0.94;0.26;26.8;;;;;;;
75;1978 Miyagiken-Oki M=7.4;Yuriagekami-3;No;B;24.6;14.8;19.7;6.0;1.6;7.1;0.3;110;3;125;3;2354.822835;209.6437769;1566.633858;112.3887981;0.970928805;0.97000395;0.08;0.24;0.07;7.70;0.15;0.23;0.07;0.24;0.09;0.60;0.05;0.00;2.00;NA;1;Short Rod;0.95;99.00;1;0.67;1.12;4;21.10;1.86;1.162242234;1.23;26.0;2.3;Iwasaki (1978);710;;1.11;0.94;0.22;26.7;;;;;;;
76;1979 Imperial Valley ML=6.6;Heber Road A1;No;A;16.4;5.9;11.2;3.4;1.7;5.9;0.3;100;3;125;3;1246.71916;220.1311608;919.160105;112.6319994;0.985560347;0.82;0.01;0.47;0.07;6.53;0.32;0.34;0.05;0.24;0.07;0.11;0.01;13.00;3.92;NA;1;Short Rod;0.82;99.00;1;0.68;1.13;5;32.85;2.61;1.517346699;1.42;46.5;3.7;Youd and Bennett  (1983), Benett et. al. (1979);*;;1.32;1.38;0.19;48.7;;;;;;;
78;1979 Imperial Valley ML=6.6;Heber Road A3;No;A;16.1;5.9;11.0;3.4;1.7;5.9;0.3;100;3;120;3;1200.787402;204.8391806;883.4645669;101.2005719;0.980760222;0.75;0.03;0.47;0.07;6.53;0.32;0.31;0.05;0.22;0.06;0.09;0.00;25.25;5.19;NA;1;Short Rod;0.82;99.00;1;0.68;1.13;6;12.95;4.17;1.547696638;1.44;18.6;6.0;Youd and Bennett  (1983), Benett et. al. (1979);*;;1.34;1.38;0.17;21.7;;;;;;;
79;1979 Imperial Valley ML=6.6;Kornbloom B;No;A;17.5;9.0;13.3;4.0;1.4;9.0;0.4;100;3;120;3;1410;172.7442112;1144.8;88.14957799;0.96272184;0.83;0.03;0.13;0.02;6.53;0.32;0.09;0.01;0.06;0.02;0.04;0.01;83.00;9.65;NA;1;Short Rod;0.85;99.00;1;0.68;1.13;14;5.40;3.12;1.359613903;1.31;7.1;4.1;Bennett et al. (1984);*;;1.23;1.38;0.05;10.6;;;;;;;
82;1979 Imperial Valley ML=6.6;Radio Tower B2;No;B;9.8;6.6;8.2;2.5;0.5;6.6;0.3;100;3;120;3;852.7664042;67.40665852;750.5352231;38.95092313;0.876546336;0.99;0.02;0.18;0.03;6.53;0.32;0.13;0.02;0.09;0.03;0.10;0.05;18.00;2.00;NA;1;Short Rod;0.77;99.00;1;0.68;1.13;1;11.25;1.36;1.679170778;1.47;16.6;2.0;Bennett et al.(1984);*;;1.42;1.38;0.07;18.7;;;;;;;
84;1980 Mid-Chiba M=6.1;Owi-1;No;A;23.0;13.1;18.0;5.5;1.6;3.3;0.3;120;3;120;3;2165.354331;202.0115724;1244.094488;106.4756034;0.960451115;0.80736731;0.08;0.08;0.00;6.10;0.52;0.07;0.01;0.04;0.01;0.12;0.03;30.00;16.52;NA;1;Short Rod;0.94;200.00;1.15;0.66;1.09;4;5.80;2.28;1.304228614;1.53;8.9;3.5;Ishihara et. al. (1981);490;;1.20;1.62;0.04;12.0;;;;;;;
85;1980 Mid-Chiba M=6.1;Owi-2;No;B;52.5;42.7;47.6;14.5;1.6;3.3;0.3;120;3;120;3;5708.661417;237.7024542;2944.88189;164.4105699;0.930186183;0.491374367;0.15;0.08;0.00;6.10;0.52;0.05;0.02;0.03;0.01;0.17;0.05;27.00;2.00;NA;1;No Short Rod;1.00;200.00;1.15;0.66;1.09;4;3.50;0.56;0.847708361;1.06;3.7;0.6;Ishihara et. al. (1981);490;;0.89;1.62;0.03;6.3;;;;;;;
88;1981 Westmorland ML=5.6;Radio Tower B2;No;B;9.8;6.6;8.2;2.5;0.5;6.6;0.3;100;3;120;3;852.7664042;67.40665852;750.5352231;38.95092313;0.876546336;0.98;0.01;0.16;0.02;5.90;0.61;0.12;0.02;0.06;0.02;0.10;0.05;18.00;2.00;NA;1;Short Rod;0.77;99.00;1;0.68;1.13;1;11.25;1.36;1.679170778;1.47;16.6;2.0;Bennett et al.(1984);*;;1.42;1.75;0.05;18.7;;;;;;;
89;1981 Westmorland ML=5.6;River Park A;No;B;5.9;1.0;3.5;1.1;0.8;1.0;0.3;100;3;110;3;369.8031496;90.33458577;216.7511811;42.71767891;0.911135468;0.99;0.00;0.17;0.03;5.90;0.61;0.19;0.03;0.10;0.04;0.01;0.05;91.00;2.00;SS;1;Short Rod;0.66;99.00;1;0.68;1.13;2;2.65;2.26;2;1.50;4.0;3.4;Youd et al. (1983);*;;2.15;1.75;0.05;7.3;;;;;;;
90;1981 WestMorland ML=5.6;River Park C;No;A;17.0;11.0;14.0;4.3;1.0;1.0;0.4;100;3;115;3;1595;121.5835618;783.8;67.61647802;0.911307006;0.97;0.01;0.17;0.03;5.90;0.61;0.22;0.03;0.12;0.04;0.14;0.02;13.18;4.35;SS;1;Short Rod;0.86;99.00;1;0.68;1.13;4;12.40;4.86;1.643152143;1.61;19.9;7.8;Youd et al. (1983);*;;1.40;1.75;0.09;21.5;;;;;;;
92;1981Westmorland ML=5.6;McKim Ranch A;No;A;13.0;5.0;9.0;2.7;1.3;5.0;0.3;110;3;120;3;1030;161.1769214;780.4;80.71157538;0.969328307;0.93;0.01;0.09;0.01;5.90;0.61;0.07;0.01;0.04;0.01;0.11;0.00;19.75;3.50;NA;1;Short Rod;0.79;99.00;1;0.68;1.13;11;5.40;2.58;1.646727647;1.47;7.9;3.8;Bennett et al. (1984);*;;1.40;1.75;0.03;10.0;;;;;;;
93;1983 Nihonkai-Chubu M=7.1;Arayamotomachi;No;B;18.0;3.3;10.7;3.3;2.5;3.3;0.3;100;3;115;3;1177.001312;284.0439371;716.3713911;132.4440069;0.987460808;0.9348549;0.05;0.15;0.05;7.10;0.11;0.15;0.05;0.13;0.04;0.15;0.05;5.00;2.00;NA;1;Short Rod;0.86;99.00;1;0.73;1.22;5;4.40;2.68;1.718744377;1.79;7.9;4.8;Yasuda and Tohno (1988);520;;1.44;1.14;0.09;8.4;;;;;;;
94;1983 Nihonkai-Chubu M=7.1;Arayamotomachi Coarse Sand;No;B;34.4;26.2;30.3;9.3;1.4;3.3;0.3;100;3;120;3;3576.115486;183.4017969;1887.139108;114.2464611;0.932124743;0.69768621;0.12;0.15;0.05;7.10;0.11;0.13;0.04;0.11;0.04;0.42;0.05;0.00;2.00;NA;1;Short Rod;1.00;99.00;1;0.73;1.22;3;13.10;3.34;1.058957303;1.29;16.9;4.3;Yasuda and Tohno (1988);520;;1.04;1.14;0.11;17.5;;;;;;;
96;1983 Nihonkai-Chubu M=7.7;Akita Station;No;B;13.1;6.6;9.8;3.0;1.1;5.7;3.0;120;3;120;3;1181.102362;132.9296974;925.1968504;198.6451502;0.330030443;0.999064073;0.05;0.20;0.01;7.70;0.15;0.17;0.04;0.18;0.05;-;-;2.67;1.53;NA;1;Short Rod;0.85;99.00;1;0.73;1.22;5;10.30;1.80;1.512388389;1.56;16.0;2.8;Iai. Et. Al. (1989);875;;1.32;0.94;0.14;16.6;;;;;;;
101;1983 Nihonkai-Chubu M=7.7;Hakodate;No;A;26.2;8.2;17.2;5.3;3.0;5.2;3.0;120;3;120;3;2066.929134;363.0178182;1319.685039;258.0513908;0.683788327;0.917054338;0.07;0.05;0.00;7.70;0.15;0.05;0.01;0.05;0.01;-;-;66.00;45.25;NA;1;Short Rod;0.93;99.00;1;0.73;1.22;6;3.65;1.47;1.266325232;1.43;5.2;2.1;Iai. et. al. (1989);565;;1.17;0.94;0.04;8.6;;;;;;;
109;1983 Nihonkai-Chubu M=7.7;Ohama No. Rvt. (1);No;B;24.8;11.6;18.2;5.5;2.2;4.8;3.0;120;3;125;3;2251.073064;278.4909632;1412.313768;224.5410467;0.592624818;0.972801055;0.08;0.17;0.03;7.70;0.15;0.18;0.04;0.19;0.05;-;-;3.00;1.00;NA;1;Short Rod;0.94;99.00;1;0.73;1.22;3;17.15;2.08;1.224094117;1.40;24.0;2.9;Iai. Et. Al. (1989);700;;1.15;0.94;0.16;24.6;;;;;;;
111;1987 Elmore Ranch Mw=6.2;Radio Tower B1;No;B;18.0;9.8;13.9;4.3;1.4;6.6;0.4;100;3;115;3;1505.085302;160.0609478;1044.455381;79.52043299;0.95024344;0.97;0.03;0.09;0.01;6.20;0.47;0.08;0.01;0.05;0.02;0.07;0.04;43.50;28.99;NA;1;Short Rod;0.86;99.00;1;0.68;1.13;2;4.45;3.38;1.423427859;1.39;6.2;4.7;Bennett et al. (1984);*;;1.27;1.56;0.04;9.6;;;;;;;
112;1987 Elmore Ranch Mw=6.2;Wildlife B;No;A;22.0;9.0;15.5;4.7;2.2;3.0;0.4;100;3;120;3;1800;262.9377303;1020;131.4629819;0.978730667;0.75;0.04;0.13;0.02;6.20;0.47;0.11;0.02;0.07;0.02;0.11;0.04;26.20;7.60;NA;1;Short Rod;0.88;99.00;1;0.68;1.13;7;7.85;3.48;1.440390742;1.44;11.3;5.0;Bennett et al. (1984);*;;1.28;1.56;0.06;14.1;;;;;;;
118;1987 Superstition Hills Mw=6.6;Radio Tower B1;No;B;18.0;9.8;13.9;4.3;1.4;6.6;0.4;100;3;115;3;1505.085302;160.0609478;1044.455381;79.52043299;0.95024344;0.94;0.03;0.20;0.03;6.54;0.31;0.18;0.03;0.12;0.03;0.07;0.04;43.50;28.99;NA;1;Short Rod;0.86;99.00;1;0.68;1.13;2;4.45;3.38;1.423427859;1.39;6.2;4.7;Bennett et al. (1984);*;;1.27;1.37;0.10;9.6;;;;;;;
113;1987 Superstition Hills Mw=6.7;Heber Road A1;No;A;16.4;5.9;11.2;3.4;1.7;5.9;0.3;100;3;125;3;1246.71916;220.1311608;919.160105;112.6319994;0.985560347;0.96;0.02;0.16;0.02;6.54;0.31;0.13;0.02;0.09;0.03;0.11;0.01;13.00;3.92;NA;1;Short Rod;0.82;99.00;1;0.68;1.13;5;32.85;2.61;1.517346699;1.42;46.5;3.7;Youd and Bennett  (1983), Benett et. al. (1979);*;;1.32;1.37;0.07;48.7;;;;;;;
114;1987 Superstition Hills Mw=6.7;Heber Road A2;No;A;15.1;6.0;10.6;3.2;1.5;5.9;0.3;100;3;110;3;1103.018373;167.5640189;812.3097113;76.92156121;0.961092484;0.95;0.02;0.15;0.02;6.54;0.31;0.13;0.02;0.09;0.02;0.12;0.01;20.86;5.01;NA;1;Short Rod;0.81;99.00;1;0.68;1.13;9;2.35;1.48;1.614059665;1.49;3.5;2.2;Youd and Bennett  (1983), Benett et. al. (1979);*;;1.38;1.37;0.07;5.5;;;;;;;
115;1987 Superstition Hills Mw=6.7;Heber Road A3;No;A;16.1;5.9;11.0;3.4;1.7;5.9;0.3;100;3;120;3;1200.787402;204.8391806;883.4645669;101.2005719;0.980760222;0.95;0.03;0.13;0.02;6.54;0.31;0.11;0.02;0.08;0.02;0.09;0.00;25.25;5.19;NA;1;Short Rod;0.82;99.00;1;0.68;1.13;6;12.95;4.17;1.547696638;1.44;18.6;6.0;Youd and Bennett  (1983), Benett et. al. (1979);*;;1.34;1.37;0.06;21.7;;;;;;;
116;1987 Superstition Hills Mw=6.7;Kornbloom B;No;A;17.5;9.0;13.3;4.0;1.4;9.0;0.4;100;3;120;3;1410;172.7442112;1144.8;88.14957799;0.96272184;0.94;0.03;0.17;0.03;6.54;0.31;0.13;0.02;0.09;0.03;0.04;0.01;83.00;9.65;NA;1;Short Rod;0.85;99.00;1;0.68;1.13;14;5.40;3.12;1.359613903;1.31;7.1;4.1;Bennett et al. (1984);*;;1.23;1.37;0.08;10.6;;;;;;;
117;1987 Superstition Hills Mw=6.7;McKim Ranch A;No;B;13.0;5.0;9.0;2.7;1.3;5.0;0.3;110;3;120;3;1030;161.1769214;780.4;80.71157538;0.969328307;0.95;0.03;0.16;0.05;6.54;0.31;0.13;0.04;0.09;0.03;0.11;0.00;19.75;3.50;NA;1;Short Rod;0.79;99.00;1;0.68;1.13;11;5.40;2.58;1.646727647;1.47;7.9;3.8;Bennett et al. (1984;*;;1.40;1.37;0.07;10.0;;;;;;;
119;1987 Superstition Hills Mw=6.7;Radio Tower B2;No;B;9.8;6.6;8.2;2.5;0.5;6.6;0.3;100;3;120;3;852.7664042;67.40665852;750.5352231;38.95092313;0.876546336;0.99;0.02;0.18;0.03;6.54;0.31;0.13;0.02;0.09;0.03;0.10;0.05;18.00;2.00;NA;1;Short Rod;0.77;99.00;1;0.68;1.13;1;11.25;1.36;1.679170778;1.47;16.6;2.0;Bennett et al.(1984);*;;1.42;1.37;0.07;18.7;;;;;;;
120;1987 Superstition Hills Mw=6.7;River Park A;No;B;5.9;1.0;3.5;1.1;0.8;1.0;0.3;100;3;110;3;369.8031496;90.33458577;216.7511811;42.71767891;0.911135468;0.99;0.01;0.19;0.03;6.54;0.31;0.21;0.04;0.15;0.04;0.01;0.05;91.00;2.00;SS;1;Short Rod;0.66;99.00;1;0.68;1.13;2;2.65;2.26;2;1.50;4.0;3.4;Youd et al. (1983);*;;2.15;1.37;0.07;7.3;;;;;;;
121;1987 Superstition Hills Mw=6.7;River Park C;No;A;17.0;11.0;14.0;4.3;1.0;1.0;0.4;100;3;115;3;1595;121.5835618;783.8;67.61647802;0.911307006;0.93;0.03;0.19;0.03;6.54;0.31;0.23;0.04;0.16;0.04;0.14;0.02;13.18;4.35;SS;1;Short Rod;0.86;99.00;1;0.68;1.13;4;12.40;4.86;1.643152143;1.61;19.9;7.8;Youd et al. (1983);*;;1.40;1.37;0.12;21.5;;;;;;;
123;1989 Loma Prieta Mw=7;Alameda BF Dike;No;B;23.0;19.7;21.3;6.5;0.5;9.8;0.3;120;3;125;3;2616.469816;82.05293405;1899.934383;59.38708408;0.897296745;0.986764335;0.09;0.24;0.04;6.93;0.13;0.21;0.04;0.17;0.04;0.28;0.05;7.00;2.00;SWL;1.3;Short Rod;0.94;0.00;1;0.55;0.92;2;37.10;1.69;1.055385459;1.18;43.8;2.0;Mitchell et al. (1994);815;;1.04;1.20;0.17;45.0;;;;;;;
141;1989 Loma Prieta Mw=7;General Fish;No;B;8.3;5.0;6.7;2.0;0.6;5.5;0.1;110;3;125;3;748.9946569;70.79179609;676.2168841;38.58280586;0.967841387;0.992931718;0.01;0.25;0.08;6.93;0.13;0.18;0.05;0.15;0.05;0.55;0.05;5.00;2.00;NA;1;Short Rod;0.74;100.00;1;0.60;1.00;5;11.50;2.28;1.769038978;1.32;15.1;3.0;Boulanger et al (1995,1997);690;;1.47;1.20;0.10;15.7;;;;;;;
125;1989 Loma Prieta Mw=7;Hall Avenue;No;A;18.9;11.5;15.2;4.6;1.2;11.5;0.3;100;3;115;3;1572.752625;146.1093063;1342.437664;75.49511483;0.942978255;0.72;0.01;0.14;0.02;6.93;0.13;0.08;0.01;0.06;0.01;0.09;0.05;30.00;2.00;SWL;1.1;Short Rod;0.88;0.00;1;0.55;0.92;5;4.60;3.24;1.255548065;1.11;5.1;3.6;Mitchell et al. (1994);*;;1.17;1.20;0.05;8.0;;;;;;;
145;1989 Loma Prieta Mw=7;MBARI N0.4-B4B5EB2EB3;No;B;25.3;7.9;16.6;5.1;2.9;6.4;1.6;120;3;125;3;2038.959974;364.1348165;1405.337927;206.5274619;0.881387964;0.975154326;0.01;0.25;0.08;6.93;0.13;0.23;0.07;0.19;0.06;0.55;0.15;5.00;2.00;NA;1;Short Rod;0.89;50.00;1;0.60;1.00;7;23.60;5.48;1.227128447;1.10;25.8;6.0;Boulanger et al (1997);710;;1.15;1.20;0.17;26.5;;;;;;;
126;1989 Loma Prieta Mw=7;MBARI NO:3 EB-1;No;B;9.8;6.6;8.2;2.5;0.5;6.6;0.3;110;3;125;3;926.8372703;71.44092449;824.4750656;42.25668541;0.890199633;0.99;0.01;0.24;0.04;6.93;0.13;0.17;0.03;0.14;0.03;0.60;0.05;1.00;2.00;NA;1;Short Rod;0.77;0.00;1;0.60;1.00;1;18.45;1.61;1.602107466;1.24;22.9;2.0;Boulanger et al (1997);*;;1.37;1.20;0.11;23.5;;;;;;;
127;1989 Loma Prieta Mw=7;MBARI NO:3 EB-5;No;A;21.0;5.9;13.5;4.1;2.5;5.9;0.3;110;3;125;3;1592.847769;315.7572607;1121.981627;160.6913656;0.990737012;0.99;0.01;0.27;0.04;6.93;0.13;0.25;0.04;0.20;0.04;0.60;0.05;1.00;2.00;NA;1;Short Rod;0.86;0.00;1;0.60;1.00;4;15.15;2.81;1.373369931;1.17;17.8;3.3;Boulanger et al. (1997);*;;1.24;1.20;0.17;18.4;;;;;;;
128;1989 Loma Prieta Mw=7;Miller Farm CMF10;No;B;32.8;23.0;27.9;8.5;1.6;9.8;0.4;110;3;125;3;3338.254593;214.2075545;2212.270341;121.2729498;0.952570994;0.88;0.02;0.41;0.06;6.93;0.13;0.35;0.05;0.29;0.05;0.13;0.03;20.00;2.00;SS;1;Short Rod;0.99;101.60;1;0.68;1.13;2;18.30;3.19;0.978050566;1.10;20.1;3.5;Bennett and Tinsley (1995);*;;0.99;1.20;0.30;22.5;;;;;;;
147;1990 Luzon Mw=7.6;Cereenan St. B-12;No;B;24.6;7.9;16.2;5.0;2.8;7.5;0.3;110;3;125;3;1916.830709;350.3248254;1374.311024;178.5241942;0.991074224;0.992877629;0.07;0.25;0.08;7.70;0.15;0.23;0.07;0.24;0.08;0.20;0.05;19.00;2.00;NA;1;Short Rod;0.92;99.00;1;0.39;0.65;4;34.80;7.01;1.240903165;0.74;25.8;5.2;Wakamatsu (1992);800;;1.16;0.94;0.21;28.3;;;;;;;
151;1993 Kushiro-Oki Mw=8;Kushiro Port Site D;No;B;45.9;24.6;35.3;10.8;3.6;5.2;0.3;120;3;125;3;4382.38189;453.5922838;2509.153543;241.1627369;0.979830738;0.877229337;0.13;0.40;0.06;7.60;0.14;0.40;0.09;0.41;0.11;0.34;0.05;0.00;2.00;NA;1;No Short Rod;1.00;99.00;1;0.73;1.22;7;26.70;3.13;0.918368097;1.12;29.8;3.5;Iai et al. (1994);715;;0.94;0.97;0.43;30.5;;;;;;;
156;1995 Hyogoken-Nambu ML=7.2;Ashiyama A (Marine Sand);No;B;29.5;22.6;26.1;8.0;1.1;11.5;0.3;110;3;125;3;3088.090551;154.0394087;2177.066929;92.05702196;0.942073167;0.860756304;0.10;0.40;0.08;6.90;0.15;0.32;0.07;0.26;0.07;0.19;0.05;2.00;2.00;NA;1;Short Rod;1.00;99.00;1;0.73;1.22;3;25.50;5.84;0.985926448;1.20;30.6;7.0;Shibata et al. (1996);630;;0.99;1.21;0.26;31.3;;;;;;;
155;1995 Hyogoken-Nambu ML=7.2;Ashiyama A (Mountain Sand 1);No;B;22.6;11.5;17.1;5.2;1.9;11.5;0.3;110;3;125;3;1960.301837;235.5702994;1612.270341;123.3440105;0.979107129;0.938808139;0.07;0.40;0.08;6.90;0.15;0.30;0.07;0.24;0.06;0.13;0.05;18.00;2.00;NA;1;Short Rod;0.93;99.00;1;0.73;1.22;3;16.60;5.26;1.145675101;1.29;21.5;6.8;Shibata et al. (1996);630;;1.10;1.21;0.22;23.7;;;;;;;
159;1995 Hyogoken-Nambu ML=7.2;Kobe No 1;No;B;23.0;16.4;19.7;6.0;1.1;7.7;0.3;120;3;135;3;2541.830709;153.7620942;1794.586614;91.27758719;0.960704653;0.991740171;0.08;0.40;0.08;6.90;0.15;0.37;0.08;0.30;0.07;0.00;0.00;3.50;4.95;NA;1;Short Rod;0.95;99.00;1;0.73;1.22;2;42.35;2.55;1.085920909;1.26;53.2;3.2;Kobe City Office (1999);850;;1.06;1.21;0.28;54.1;;;;;;;
168;1995 Hyogoken-Nambu ML=7.2;Kobe No 10;No;B;29.5;19.7;24.6;7.5;1.6;14.6;0.3;120;3;125;3;3002.624672;211.8279006;2380.262467;116.8935763;0.963331249;0.924590827;0.10;0.60;0.12;6.90;0.15;0.45;0.10;0.37;0.09;0.00;0.00;8.75;2.50;NA;1;Short Rod;0.99;99.00;1;0.73;1.22;4;23.10;3.53;0.942905096;1.13;26.2;4.0;Kobe City Office (1999);700;;0.96;1.21;0.39;27.4;;;;;;;
170;1995 Hyogoken-Nambu ML=7.2;Kobe No 12;No;B;20.7;14.1;17.4;5.3;1.1;10.5;0.3;100;3;125;3;1911.089239;141.9958311;1481.167979;78.94243436;0.953985188;0.944788766;0.07;0.50;0.10;6.90;0.15;0.40;0.09;0.32;0.08;0.00;0.00;14.00;14.00;NA;1;Short Rod;0.92;99.00;1;0.73;1.22;3;19.60;1.27;1.195303662;1.34;26.2;1.7;Kobe City Office (1999);650;;1.13;1.21;0.29;28.1;;;;;;;
172;1995 Hyogoken-Nambu ML=7.2;Kobe No 14;No;B;17.4;14.1;15.7;4.8;0.5;10.2;0.3;115;3;125;3;1866.7979;76.75790539;1518.766404;51.28116428;0.890047385;0.900250662;0.07;0.50;0.10;6.90;0.15;0.36;0.08;0.29;0.07;0.00;0.00;18.50;16.26;NA;1;Short Rod;0.91;99.00;1;0.73;1.22;2;16.00;1.75;1.180415535;1.31;21.0;2.3;Kobe City Office (1999);560;;1.12;1.21;0.27;23.3;;;;;;;
174;1995 Hyogoken-Nambu ML=7.2;Kobe No 16;No;B;16.4;13.1;14.8;4.5;0.5;8.0;0.3;110;3;125;3;1724.901575;75.37040182;1305.216535;48.60575316;0.891042628;0.948834855;0.06;0.60;0.12;6.90;0.15;0.49;0.10;0.40;0.10;0.00;0.00;5.00;2.00;NA;1;Short Rod;0.90;99.00;1;0.73;1.22;2;17.55;1.21;1.273324583;1.40;24.6;1.7;Kobe City Office (1999);630;;1.18;1.21;0.34;25.2;;;;;;;
176;1995 Hyogoken-Nambu ML=7.2;Kobe No 18;No;B;39.4;29.5;34.4;10.5;1.6;25.1;0.3;125;3;135;3;4399.606299;235.6020249;3816.141732;144.5228799;0.962803856;0.940563754;0.13;0.70;0.14;6.90;0.15;0.49;0.12;0.40;0.11;0.00;0.00;0.00;2.00;NA;1;No Short Rod;1.00;99.00;1;0.73;1.22;4;40.50;4.19;0.744677375;0.91;36.7;3.8;Kobe City Office (1999);825;;0.82;1.21;0.50;37.4;;;;;;;
177;1995 Hyogoken-Nambu ML=7.2;Kobe No 19;No;B;26.2;23.0;24.6;7.5;0.5;20.0;0.3;120;3;125;3;2975.721785;92.02547179;2689.107612;72.54535979;0.914980181;0.952636153;0.10;0.60;0.12;6.90;0.15;0.41;0.09;0.33;0.08;0.00;0.00;10.00;2.00;NA;1;Short Rod;0.99;99.00;1;0.73;1.22;2;19.50;0.94;0.887107633;1.07;20.8;1.0;Kobe City Office (1999);750;;0.92;1.21;0.37;22.0;;;;;;;
160;1995 Hyogoken-Nambu ML=7.2;Kobe No 2;No;B;39.4;16.4;27.9;8.5;3.8;9.5;0.3;120;3;135;3;3622.53937;520.4714016;2474.035433;285.0990136;0.993269978;0.980068235;0.11;0.40;0.08;6.90;0.15;0.37;0.09;0.30;0.08;0.00;0.00;14.83;11.50;NA;1;Short Rod;1.00;99.00;1;0.73;1.22;7;35.20;8.09;0.924863094;1.13;39.6;9.1;Kobe City Office (1999);850;;0.95;1.21;0.32;41.9;;;;;;;
178;1995 Hyogoken-Nambu ML=7.2;Kobe No 20;No;B;26.2;13.1;19.7;6.0;2.2;6.6;0.3;110;3;135;3;2493.43832;298.6325974;1674.540682;165.1620364;0.98820382;0.994982309;0.08;0.55;0.11;6.90;0.15;0.53;0.12;0.43;0.11;0.00;0.00;0.00;2.00;NA;1;Short Rod;0.95;99.00;1;0.73;1.22;5;50.35;3.46;1.124171461;1.30;65.5;4.5;Kobe City Office (1999);900;;1.08;1.21;0.40;66.5;;;;;;;
179;1995 Hyogoken-Nambu ML=7.2;Kobe No 21;No;B;13.1;9.8;11.5;3.5;0.5;5.4;0.3;100;3;125;3;1300.032808;72.96152537;921.2926509;43.5073092;0.898072025;0.990819928;0.05;0.60;0.12;6.90;0.15;0.55;0.11;0.44;0.11;0.00;0.00;0.00;2.00;NA;1;Short Rod;0.87;99.00;1;0.73;1.22;2;23.00;1.75;1.515589556;1.60;36.8;2.8;Kobe City Office (1999);760;;1.32;1.21;0.34;37.5;;;;;;;
180;1995 Hyogoken-Nambu ML=7.2;Kobe No 22;No;B;26.2;13.1;19.7;6.0;2.2;7.9;0.3;120;3;125;3;2421.259843;276.7040504;1684.251969;144.4203027;0.981494256;0.961721608;0.08;0.60;0.12;6.90;0.15;0.54;0.12;0.44;0.11;0.00;0.00;6.00;5.48;NA;1;Short Rod;0.95;99.00;1;0.73;1.22;5;30.00;9.02;1.120925826;1.30;38.9;11.7;Kobe City Office (1999);720;;1.08;1.21;0.41;39.8;;;;;;;
181;1995 Hyogoken-Nambu ML=7.2;Kobe No 23;No;B;19.7;13.1;16.4;5.0;1.1;9.8;0.3;120;3;125;3;2001.312336;141.2408298;1591.863517;79.01078327;0.949157535;0.973574221;0.07;0.60;0.12;6.90;0.15;0.48;0.10;0.39;0.09;0.00;0.00;10.00;2.00;NA;1;Short Rod;0.92;99.00;1;0.73;1.22;2;18.00;0.77;1.152995182;1.29;23.3;1.0;Kobe City Office (1999);720;;1.10;1.21;0.36;24.5;;;;;;;
183;1995 Hyogoken-Nambu ML=7.2;Kobe No 25;No;B;13.1;9.8;11.5;3.5;0.5;7.1;0.3;110;3;125;3;1329.560367;72.91396809;1053.182415;44.70199674;0.88974234;0.989274162;0.05;0.70;0.14;6.90;0.15;0.57;0.12;0.46;0.11;0.00;0.00;2.50;3.54;NA;1;Short Rod;0.87;99.00;1;0.73;1.22;2;26.05;0.94;1.417518083;1.50;39.0;1.4;Kobe City Office (1999);750;;1.26;1.21;0.37;39.7;;;;;;;
184;1995 Hyogoken-Nambu ML=7.2;Kobe No 26;No;B;13.1;9.8;11.5;3.5;0.5;3.0;0.3;100;3;125;3;1361.548556;73.90149752;829.2650919;45.06587517;0.897435365;0.990819928;0.05;0.60;0.12;6.90;0.15;0.63;0.13;0.51;0.12;0.00;0.00;0.00;2.00;NA;1;Short Rod;0.87;99.00;1;0.73;1.22;2;24.45;3.62;1.597473694;1.69;41.2;6.1;Kobe City Office (1999);760;;1.37;1.21;0.38;42.0;;;;;;;
185;1995 Hyogoken-Nambu ML=7.2;Kobe No 27;No;B;9.8;6.6;8.2;2.5;0.5;3.4;0.3;100;3;125;3;939.1404199;70.98289311;642.2900262;40.10078409;0.901464207;0.998030147;0.04;0.60;0.12;6.90;0.15;0.57;0.12;0.46;0.11;0.00;0.00;10.00;2.00;NA;1;Short Rod;0.82;99.00;1;0.73;1.22;2;27.70;4.12;1.815159605;1.82;50.4;7.5;Kobe City Office (1999);850;;1.49;1.21;0.31;52.1;;;;;;;
161;1995 Hyogoken-Nambu ML=7.2;Kobe No 3;No;B;24.6;11.5;18.0;5.5;2.2;8.2;0.3;100;3;135;3;2148.950131;297.9517932;1534.776903;163.5849048;0.990525619;0.993184895;0.08;0.40;0.08;6.90;0.15;0.36;0.08;0.29;0.07;0.00;0.00;3.25;2.22;NA;1;Short Rod;0.94;99.00;1;0.73;1.22;4;39.45;5.53;1.174242459;1.34;52.8;7.4;Kobe City Office (1999);850;;1.11;1.21;0.27;53.7;;;;;;;
188;1995 Hyogoken-Nambu ML=7.2;Kobe No 30;No;B;32.8;23.0;27.9;8.5;1.6;4.9;0.3;100;3;125;3;3362.860892;216.9507519;1929.790026;125.0441421;0.95610444;0.89954946;0.11;0.60;0.12;6.90;0.15;0.61;0.14;0.49;0.13;0.00;0.00;10.00;2.00;NA;1;Short Rod;1.00;99.00;1;0.73;1.22;4;30.60;4.55;1.04718974;1.27;39.0;5.8;Kobe City Office (1999);700;;1.03;1.21;0.49;40.5;;;;;;;
189;1995 Hyogoken-Nambu ML=7.2;Kobe No 31;No;B;16.4;9.8;13.1;4.0;1.1;3.9;0.3;100;3;125;3;1541.994751;140.152047;968.7664042;75.57571139;0.960478365;0.988447718;0.06;0.60;0.12;6.90;0.15;0.61;0.13;0.50;0.12;0.00;0.00;0.00;2.00;NA;1;Short Rod;0.89;99.00;1;0.73;1.22;3;35.75;3.70;1.477987879;1.59;57.0;5.9;Kobe City Office (1999);760;;1.30;1.21;0.39;57.9;;;;;;;
190;1995 Hyogoken-Nambu ML=7.2;Kobe No 32;No;B;16.4;6.6;11.5;3.5;1.6;4.6;0.3;100;3;125;3;1320.538058;206.6878566;890.6167979;106.2463118;0.983152062;0.983682087;0.05;0.50;0.10;6.90;0.15;0.47;0.10;0.38;0.09;0.00;0.00;6.25;4.79;NA;1;Short Rod;0.87;99.00;1;0.73;1.22;4;18.75;2.21;1.541469607;1.63;30.5;3.6;Kobe City Office (1999);700;;1.34;1.21;0.29;31.4;;;;;;;
191;1995 Hyogoken-Nambu ML=7.2;Kobe No 33;No;B;29.5;23.0;26.2;8.0;1.1;6.6;0.3;100;3;125;3;3116.7979;150.3948211;1888.451444;93.20780066;0.93804448;0.900962129;0.10;0.50;0.10;6.90;0.15;0.48;0.11;0.39;0.10;0.00;0.00;50.00;2.00;NA;1;Short Rod;1.00;99.00;1;0.73;1.22;3;21.60;1.55;1.05858929;1.29;27.8;2.0;Kobe City Office (1999);680;;1.04;1.21;0.38;32.5;;;;;;;
194;1995 Hyogoken-Nambu ML=7.2;Kobe No 36;No;B;13.1;9.8;11.5;3.5;0.5;3.1;0.3;100;3;125;3;1358.267717;73.81440448;834.1732283;44.92291263;0.897473876;0.972133304;0.05;0.60;0.12;6.90;0.15;0.62;0.13;0.50;0.12;0.00;0.00;2.50;3.54;NA;1;Short Rod;0.87;99.00;1;0.73;1.22;2;20.05;1.07;1.592767126;1.68;33.7;1.8;Kobe City Office (1999);650;;1.37;1.21;0.37;34.4;;;;;;;
197;1995 Hyogoken-Nambu ML=7.2;Kobe No 39;No;B;16.4;13.1;14.8;4.5;0.5;8.5;0.3;120;3;135;3;1865.15748;80.46163935;1476.181102;52.75176095;0.912024173;0.998536316;0.06;0.60;0.12;6.90;0.15;0.49;0.10;0.40;0.10;0.00;0.00;0.00;2.00;NA;1;Short Rod;0.90;99.00;1;0.73;1.22;2;47.00;2.81;1.197320964;1.32;61.9;3.7;Kobe City Office (1999);950;;1.13;1.21;0.36;62.9;;;;;;;
162;1995 Hyogoken-Nambu ML=7.2;Kobe No 4;No;B;18.0;9.8;13.9;4.3;1.4;6.7;0.3;110;3;125;3;1642.060367;173.4797385;1191.666667;91.6587374;0.970688337;0.987138379;0.06;0.40;0.08;6.90;0.15;0.35;0.08;0.29;0.07;0.00;0.00;1.33;2.31;NA;1;Short Rod;0.90;99.00;1;0.73;1.22;4;27.80;3.03;1.332609827;1.45;40.4;4.4;Kobe City Office (1999);750;;1.21;1.21;0.24;41.2;;;;;;;
198;1995 Hyogoken-Nambu ML=7.2;Kobe No 40;No;B;13.1;9.8;11.5;3.5;0.5;9.2;0.3;120;3;125;3;1389.435696;74.03415754;1246.128609;47.69903828;0.883738151;0.995257298;0.05;0.60;0.12;6.90;0.15;0.43;0.09;0.35;0.08;0.00;0.00;0.00;2.00;NA;1;Short Rod;0.87;99.00;1;0.73;1.22;2;31.10;7.85;1.303163699;1.38;42.8;10.8;Kobe City Office (1999);820;;1.19;1.21;0.30;43.6;;;;;;;
164;1995 Hyogoken-Nambu ML=7.2;Kobe No 6;No;B;24.0;14.1;19.0;5.8;1.6;7.5;0.3;120;3;125;3;2340.879265;209.1601443;1624.343832;111.986672;0.970418673;0.886679126;0.08;0.40;0.08;6.90;0.15;0.33;0.07;0.27;0.07;0.00;0.00;24.67;9.24;NA;1;Short Rod;0.95;99.00;1;0.73;1.22;3;16.70;2.97;1.141409349;1.31;21.9;3.9;Kobe City Office (1999);580;;1.09;1.21;0.25;25.0;;;;;;;
204;1995 Hyogoken-Nambu ML=7.2;Port Island Improved Site (Ikegaya);No;B;39.4;16.4;27.9;8.5;3.8;16.4;0.3;110;3;125;3;3239.829396;482.2331602;2523.293963;247.4350103;0.990499312;0.873037375;0.11;0.40;0.08;6.90;0.15;0.29;0.07;0.24;0.06;0.40;0.05;20.00;2.00;NA;1;Short Rod;1.00;99.00;1;0.73;1.22;9;20.25;3.77;0.915791236;1.11;22.6;4.2;Yasuda et al. (1996);660;;0.94;1.21;0.25;25.1;;;;;;;
205;1995 Hyogoken-Nambu ML=7.2;Port Island Improved Site (Tanahashi);No;B;49.2;16.4;32.8;10.0;5.5;16.4;0.3;110;3;125;3;3854.986877;687.0572185;2831.364829;349.5939315;0.993980992;0.822421825;0.13;0.40;0.08;6.90;0.15;0.29;0.08;0.24;0.07;0.40;0.05;20.00;2.00;NA;1;No Short Rod;1.00;99.00;1;0.73;1.22;12;18.20;3.23;0.864534822;1.05;19.1;3.4;Yasuda et al. (1996);660;;0.91;1.21;0.26;21.6;;;;;;;
206;1995 Hyogoken-Nambu ML=7.2;Port Island Improved Site (Watanabe);No;B;45.9;16.4;31.2;9.5;4.9;16.4;0.3;110;3;130;3;3723.753281;643.2085946;2802.493438;339.4399759;0.994555843;0.961626781;0.12;0.40;0.08;6.90;0.15;0.33;0.08;0.27;0.07;0.40;0.05;20.00;2.00;NA;1;Short Rod;1.00;99.00;1;0.73;1.22;11;31.00;6.72;0.868976646;1.06;32.8;7.1;Yasuda et al. (1996);820;;0.91;1.21;0.30;35.6;;;;;;;
;;;;;;;;;;;;;;;;;;;;;;;;;;;;;;;;;;;;;;;;;;;;;;;;;;;;;;;;;;;;;;;
;;;;;;;;;;;;;;;;;;;;;;;;;;;;;;;;;;;;;;;;;;;;;;;;;;;;;2.15;1.75;;;;;;;;;
;;;;;;;;;;;;;;;;;;;;;;;;;;;;;;;;;;;;;;;;;;;;;;;;;;;;;;;;;;;;;;;
;;;;;;;;;;;;;;;;;;;;;;;;;;;;;;;;;;;;;;;;;;;;;;;;;;;;;;;;;;;;;;;
;;;;;;;;;;;;;;;;;;;;;;;;;;;;;;;;;;;;;;;;;;;;;;;;;;;;;;;;;;;;;;;
;;;;;;;;;;;;;;;;;;;;;;;;;;;;;;;;;;;;;;;;;;;;;;;;;;;;;;;;;;;;;;;
;;;;;;;;;;;;;;;;;;;;;;;;;;;;;;;;;;;;;;;;;;;;;;;;;;;;;;;;;;;;;;;
;;;;;;;;;;;;;;;;;;;;;;;;;;;;;;;;;;;;;;;;;;;;;;;;;;;;;;;;;;;;;;;
;;;;;;;;;;;;;;;;;;;;;;;;;;;;;;;;;;;;;;;;;;;;;;;;;;;;;;;;;;;;;;;
;;;;;;;;;;;;;;;;;;;;;;;;;;;;;;;;;;;;;;;;;;;;;;;;;;;;;;;;;;;;;;;
;;;;;;;;;;;;;;;;;;;;;;;;;;;;;;;;;;;;;;;;;;;;;;;;;;;;;;;;;;;;;;;
;;;;;;;;;;;;;;;;;;;;;;;;;;;;;;;;;;;;;;;;;;;;;;;;;;;;;;;;;;;;;;;
;;;;;;;;;;;;;;;;;;;;;;;;;;;;;;;;;;;;;;;;;;;;;;;;;;;;;;;;;;;;;;;
;;;;;;;;;;;;;;;;;;;;;;;;;;;;;;;;;;;;;;;;;;;;;;;;;;;;;;;;;;;;;;;
;;;;;;;;;;;;;;;;;;;;;;;;;;;;;;;;;;;;;;;;;;;;;;;;;;;;;;;;;;;;;;;
;;;;;;;;;;;;;;;;;;;;;;;;;;;;;;;;;;;;;;;;;;;;;;;;;;;;;;;;;;;;;;;
;;;;;;;;;;;;;;;;;;;;;;;;;;;;;;;;;;;;;;;;;;;;;;;;;;;;;;;;;;;;;;;
;;;;;;;;;;;;;;;;;;;;;;;;;;;;;;;;;;;;;;;;;;;;;;;;;;;;;;;;;;;;;;;
;;;;;;;;;;;;;;;;;;;;;;;;;;;;;;;;;;;;;;;;;;;;;;;;;;;;;;;;;;;;;;;
;;;;;;;;;;;;;;;;;;;;;;;;;;;;;;;;;;;;;;;;;;;;;;;;;;;;;;;;;;;;;;;
;;;;;;;;;;;;;;;;;;;;;;;;;;;;;;;;;;;;;;;;;;;;;;;;;;;;;;;;;;;;;;;
;;;;;;;;;;;;;;;;;;;;;;;;;;;;;;;;;;;;;;;;;;;;;;;;;;;;;;;;;;;;;;;
